ds,y
2005-02-14,-0.00191
2005-02-15,-0.000659
2005-02-16,-0.00129
2005-02-17,-0.000866
2005-02-18,-0.000563
2005-02-19,-0.0021
2005-02-20,-0.00343
2005-02-21,-0.00301
2005-02-22,0.00083
2005-02-23,-0.000231
2005-03-01,4.39E-05
2005-03-05,0.00129
2005-03-06,0.00226
2005-03-07,0.00208
2005-03-08,0.00438
2005-03-10,-0.00441
2005-03-11,-0.0113
2005-03-12,-0.003
2005-03-13,-0.00619
2005-03-14,-0.00774
2005-03-15,-0.000932
2005-03-16,-0.00203
2005-03-17,-0.00531
2005-03-18,-0.000127
2005-03-19,-0.000257
2005-03-20,0.00126
2005-03-21,0.0016
2005-03-22,-0.00612
2005-03-23,0.000905
2005-03-24,-0.00143
2005-03-25,0.000282
2005-03-26,-0.00156
2005-03-27,0.00112
2005-03-28,0.00277
2005-03-29,-0.000782
2005-03-31,-0.0019
2005-04-01,-0.00439
2005-04-02,0.000301
2005-04-03,-0.00195
2005-04-05,0.000468
2005-04-06,0.00178
2005-04-07,0.00599
2005-04-08,-0.000201
2005-04-09,0.00416
2005-04-10,0.00365
2005-04-11,0.00383
2005-04-13,0.000696
2005-04-14,-0.000536
2005-04-15,0.00668
2005-04-19,0.00706
2005-04-20,0.00672
2005-04-21,0.00521
2005-04-23,0.0104
2005-05-01,0.00366
2005-05-03,0.00495
2005-05-06,0.00163
2005-05-07,-0.00059
2005-05-08,0.000101
2005-05-10,-0.0024
2005-05-12,-0.000744
2005-05-13,0.00292
2005-05-14,-0.00132
2005-05-15,0.00327
2005-05-16,-0.00311
2005-05-19,-0.0113
2005-05-21,0.00036
2005-05-22,0.00203
2005-06-04,0.0022
2005-06-05,-0.00508
2005-06-06,0.000525
2005-06-15,-0.0135
2005-06-17,0.000436
2005-06-19,-0.0005
2005-06-20,0.00137
2005-06-23,0.00289
2005-06-24,0.00507
2005-06-29,-0.0019
2005-07-01,-0.00266
2005-07-02,-0.00176
2005-07-03,-0.00109
2005-07-04,-0.0125
2005-07-05,-0.00568
2005-07-06,-0.00406
2005-07-07,0.00307
2005-07-08,-0.000573
2005-07-09,-0.0017
2005-07-10,-0.00164
2005-07-11,-0.000479
2005-07-13,-0.00147
2005-07-16,0.00155
2005-07-21,-0.000551
2005-07-22,-0.00139
2005-07-23,-0.000409
2005-07-24,-0.00163
2005-07-25,0.000104
2005-07-26,-0.00184
2005-07-27,-0.00271
2005-07-28,-0.000941
2005-07-29,-0.00148
2005-07-30,0.000259
2005-07-31,-0.00071
2005-08-01,-0.00187
2005-08-02,-0.00101
2005-08-05,-0.000589
2005-08-12,0.0133
2005-08-13,0.00981
2005-08-14,0.00405
2005-08-15,0.00654
2005-08-16,0.0111
2005-08-17,0.00654
2005-08-18,0.00628
2005-08-20,0.000912
2005-08-21,0.00214
2005-08-22,0.00757
2005-08-23,0.00643
2005-08-24,-0.000239
2005-08-26,0.00295
2005-08-27,0.00138
2005-08-28,0.00108
2005-08-29,0.00149
2005-08-30,0.00205
2005-08-31,0.00118
2005-09-01,0.00111
2005-09-02,0.00042
2005-09-03,-0.00256
2005-09-05,0.000128
2005-09-07,0.00128
2005-09-08,-0.00297
2005-09-09,0.00316
2005-09-10,-0.000161
2005-09-11,3.94E-05
2005-09-12,-0.000617
2005-09-14,0.000889
2005-09-15,-0.004
2005-09-16,-0.000673
2005-09-17,-0.00175
2005-09-18,-0.00208
2005-09-19,-0.000958
2005-09-20,-0.00186
2005-09-21,-0.000726
2005-09-22,-0.00167
2005-09-23,-0.000306
2005-09-24,0.0004
2005-09-25,0.00137
2005-09-26,0.000797
2005-09-27,-0.000704
2005-09-29,-0.00164
2005-09-30,-0.00274
2005-10-01,0.00113
2005-10-02,3.05E-05
2005-10-03,0.00285
2005-10-04,0.00141
2005-10-05,-0.00334
2005-10-06,0.00083
2005-10-07,0.00256
2005-10-08,0.00147
2005-10-09,-0.00131
2005-10-10,0.000997
2005-10-11,0.00146
2005-10-12,0.000455
2005-10-13,0.000314
2005-10-14,-0.0014
2005-10-15,-2.64E-05
2005-10-16,-0.000396
2005-10-17,-0.000244
2005-10-18,-0.000534
2005-10-19,0.0052
2005-10-20,-0.000649
2005-10-21,1.71E-05
2005-10-22,0.00062
2005-10-23,-0.00104
2005-10-24,0.000632
2005-10-25,-0.000603
2005-10-26,-0.00145
2005-10-27,-0.000739
2005-10-28,-9.5E-05
2005-10-29,-0.00286
2005-10-30,-0.00129
2005-10-31,0.000794
2005-11-01,-0.00113
2005-11-02,-0.00219
2005-11-03,-0.000405
2005-11-04,0.000156
2005-11-07,-0.00119
2005-11-10,-0.000774
2005-11-11,0.00178
2005-11-13,-0.0136
2005-11-17,0.0105
2005-11-18,4E-05
2005-11-19,-0.00335
2005-11-20,-0.00508
2005-11-21,-0.00335
2005-11-22,-0.00244
2005-11-23,-0.000652
2005-11-24,-0.00435
2005-11-26,0.000827
2005-11-27,-0.001
2005-12-02,0.015
2005-12-06,0.000882
2005-12-12,0.00295
2005-12-23,0.00629
2005-12-24,0.00385
2005-12-25,-0.00657
2005-12-26,0.00805
2005-12-28,0.00349
2006-01-12,0.00797
2006-01-17,0.00673
2006-01-20,0.00577
2006-01-21,0.00678
2006-01-22,0.00498
2006-01-23,0.00235
2006-01-24,0.000319
2006-01-25,0.00234
2006-01-26,0.00248
2006-01-27,-0.00182
2006-01-28,0.0004
2006-01-29,-0.00108
2006-01-30,0.0012
2006-01-31,0.00173
2006-02-01,0.00123
2006-02-02,0.000216
2006-02-03,-0.000692
2006-02-04,-0.000548
2006-02-05,0.00155
2006-02-06,6.6E-05
2006-02-07,0.000812
2006-02-08,0.000877
2006-02-09,-0.000923
2006-02-10,-0.00132
2006-02-11,0.0014
2006-02-12,-0.00316
2006-02-13,0.0014
2006-02-14,0.00057
2006-02-15,0.0011
2006-02-18,-0.00124
2006-02-19,0.00316
2006-02-20,0.0083
2006-02-21,-0.00295
2006-02-22,0.00718
2006-02-23,0.00252
2006-02-28,0.0129
2006-03-01,0.000111
2006-03-02,0.000702
2006-03-03,-0.00177
2006-03-04,-0.00013
2006-03-05,0.0014
2006-03-06,-0.000979
2006-03-07,0.000155
2006-03-08,-0.00196
2006-03-09,-0.00105
2006-03-10,-0.00242
2006-03-11,0.00129
2006-03-12,9.72E-05
2006-03-13,0.00091
2006-03-14,-0.00163
2006-03-15,0.000448
2006-03-16,0.000882
2006-03-17,0.00033
2006-03-18,0.00152
2006-03-19,0.00112
2006-03-20,-0.00076
2006-03-21,-0.00201
2006-03-22,0.000441
2006-03-23,-8.91E-05
2006-03-24,0.000305
2006-03-25,0.000508
2006-03-26,0.000729
2006-03-27,0.00438
2006-03-28,0.000687
2006-03-29,-0.00162
2006-03-30,0.00296
2006-03-31,0.00724
2006-04-01,-0.00332
2006-04-02,0.00146
2006-04-03,-0.00177
2006-04-04,1.78E-05
2006-04-05,0.00201
2006-04-06,-0.000276
2006-04-07,-0.00287
2006-04-08,-0.00129
2006-04-09,0.000899
2006-04-10,0.00132
2006-04-11,-0.00013
2006-04-12,0.00182
2006-04-13,-0.00975
2006-04-15,0.000596
2006-04-16,0.000444
2006-04-17,0.00153
2006-04-18,-0.000128
2006-04-19,-0.000903
2006-04-20,0.00078
2006-04-21,-0.000298
2006-04-22,0.0017
2006-04-23,8.46E-05
2006-04-24,-0.000278
2006-04-25,0.000107
2006-04-26,0.000643
2006-04-27,-0.000585
2006-04-28,0.00137
2006-04-29,0.00208
2006-04-30,0.000578
2006-05-01,0.00113
2006-05-02,-0.00168
2006-05-04,-0.00023
2006-05-05,0.00155
2006-05-06,0.00207
2006-05-08,0.00161
2006-05-09,-0.000796
2006-05-10,-8.58E-05
2006-05-11,-0.000563
2006-05-12,0.00133
2006-05-13,0.000216
2006-05-14,-0.00198
2006-05-15,0.00151
2006-05-16,-0.00145
2006-05-17,0.00343
2006-05-18,0.00221
2006-05-19,-0.00183
2006-05-20,0.00161
2006-05-21,-0.000727
2006-05-23,-0.000373
2006-05-24,-0.00241
2006-05-26,-0.00605
2006-05-31,-0.000527
2006-06-01,-0.00208
2006-06-02,-0.00106
2006-06-03,-0.00297
2006-06-04,0.000737
2006-06-05,-0.000515
2006-06-06,0.00038
2006-06-07,-0.00134
2006-06-08,0.00156
2006-06-09,-0.000403
2006-06-10,0.00101
2006-06-11,-0.0012
2006-06-12,0.00118
2006-06-13,-0.000803
2006-06-14,-0.000757
2006-06-15,0.000149
2006-06-16,-0.0013
2006-06-17,-6.4E-05
2006-06-18,-0.00087
2006-06-19,0.00121
2006-06-20,0.00101
2006-06-21,0.00566
2006-06-22,-0.00174
2006-06-23,0.00451
2006-06-24,-0.00016
2006-06-25,0.000505
2006-06-26,0.00146
2006-06-27,0.00551
2006-06-28,0.00207
2006-06-29,0.00585
2006-06-30,0.00158
2006-07-01,0.00242
2006-07-02,0.00297
2006-07-03,0.00181
2006-07-04,0.00478
2006-07-05,-0.00237
2006-07-06,0.00274
2006-07-07,-0.0017
2006-07-08,0.00044
2006-07-10,0.00352
2006-07-11,0.00809
2006-07-12,0.000529
2006-07-13,-0.00332
2006-07-14,-0.000713
2006-07-15,0.000853
2006-07-16,0.00059
2006-07-17,-0.00401
2006-07-18,-0.000354
2006-07-19,0.0181
2006-07-20,0.00282
2006-07-21,0.00435
2006-07-22,0.00146
2006-07-23,0.000475
2006-07-24,-0.00936
2006-07-25,-0.00155
2006-07-26,7.7E-05
2006-07-27,-0.00126
2006-07-28,-0.00158
2006-07-29,-0.000217
2006-07-30,0.000505
2006-07-31,0.000633
2006-08-01,-0.000426
2006-08-02,-0.000743
2006-08-03,0.00142
2006-08-04,-0.000239
2006-08-05,0.00115
2006-08-06,-0.00381
2006-08-07,0.00243
2006-08-08,-0.00675
2006-08-09,-0.00215
2006-08-10,0.000459
2006-08-11,0.000861
2006-08-12,-0.000567
2006-08-13,-0.000475
2006-08-14,-0.000314
2006-08-15,-0.000501
2006-08-16,0.00112
2006-08-17,-0.000926
2006-08-18,-0.00117
2006-08-19,0.00383
2006-08-20,0.0014
2006-08-21,0.00108
2006-08-22,0.00117
2006-08-23,-1.81E-05
2006-08-24,-0.000225
2006-08-25,0.00185
2006-08-26,-0.00097
2006-08-27,-0.000334
2006-08-28,-0.000479
2006-08-29,0.000717
2006-08-30,-0.00119
2006-08-31,0.000285
2006-09-01,0.000991
2006-09-02,-0.000916
2006-09-03,-0.0016
2006-09-04,-8.08E-05
2006-09-05,-0.000171
2006-09-06,-0.00098
2006-09-07,-0.00064
2006-09-09,0.000603
2006-09-10,0.00034
2006-09-11,0.000438
2006-09-12,-0.00144
2006-09-13,-0.000449
2006-09-14,0.000421
2006-09-15,0.00122
2006-09-16,-0.00012
2006-09-17,-0.00169
2006-09-18,-0.000833
2006-09-19,0.000803
2006-09-20,8.87E-06
2006-09-21,-0.0004
2006-09-22,-6.32E-05
2006-09-23,0.000617
2006-09-24,-0.000174
2006-09-25,-0.000498
2006-09-26,-8.06E-05
2006-09-27,0.00219
2006-09-28,0.00125
2006-09-29,-0.00162
2006-09-30,-8.62E-06
2006-10-01,-0.000393
2006-10-02,-0.000632
2006-10-03,-0.00293
2006-10-04,-0.000637
2006-10-05,0.000502
2006-10-06,-7.82E-05
2006-10-07,-0.0037
2006-10-08,-0.000602
2006-10-09,0.000859
2006-10-10,-8.34E-05
2006-10-11,-0.00221
2006-10-12,-0.00128
2006-10-13,0.00184
2006-10-14,7.29E-05
2006-10-15,0.000577
2006-10-16,-0.000148
2006-10-17,0.000964
2006-10-18,-5.76E-05
2006-10-19,0.00149
2006-10-20,0.00126
2006-10-21,-0.000294
2006-10-22,0.000306
2006-10-23,0.0012
2006-10-24,0.000455
2006-10-25,0.000846
2006-10-26,0.00128
2006-10-27,0.00258
2006-10-28,0.00133
2006-10-29,0.00196
2006-10-30,0.00181
2006-10-31,0.00114
2006-11-01,0.00154
2006-11-02,-0.000815
2006-11-03,-0.000205
2006-11-04,0.00216
2006-11-05,-0.00457
2006-11-06,0.005
2006-11-10,-0.000902
2006-11-14,0.00427
2006-11-22,0.00482
2006-11-24,-0.00718
2006-11-25,-0.00396
2006-11-26,-0.00325
2006-11-27,-0.00143
2006-11-28,-0.00513
2006-11-29,-0.00229
2006-11-30,-0.00908
2006-12-01,-0.00485
2006-12-02,0.00726
2006-12-03,0.0188
2006-12-04,-0.000861
2006-12-05,0.0125
2006-12-06,-0.0245
2006-12-07,-0.00872
2006-12-24,-0.0367
2006-12-25,-0.0239
2006-12-26,0.00885
2006-12-27,0.00325
2006-12-28,-0.005
2006-12-29,0.00149
2006-12-30,0.0135
2006-12-31,0.0182
2007-01-02,-0.000211
2007-01-05,-0.00292
2007-01-06,0.00437
2007-01-07,0.00227
2007-01-09,-0.00869
2007-01-10,-0.000526
2007-01-11,0.00569
2007-01-17,0.00146
2007-01-18,0.00389
2007-01-19,0.00228
2007-01-21,0.0022
2007-01-22,0.00145
2007-01-24,-0.000849
2007-01-26,9.94E-06
2007-01-27,-0.00159
2007-01-28,0.000236
2007-01-29,0.00112
2007-01-30,3.16E-05
2007-01-31,-0.00662
2007-02-01,0.000481
2007-02-02,-4.52E-05
2007-02-03,0.00134
2007-02-04,0.000163
2007-02-05,-0.00113
2007-02-06,-0.000295
2007-02-07,-0.00255
2007-02-08,0.00188
2007-02-09,-0.00341
2007-02-10,-0.0008
2007-02-11,-0.00158
2007-02-12,-0.000432
2007-02-13,0.000536
2007-02-14,0.000977
2007-02-15,0.00033
2007-02-16,-0.00101
2007-02-17,-0.000773
2007-02-18,0.000525
2007-02-19,-0.00123
2007-02-20,0.00278
2007-02-21,0.00348
2007-02-22,-0.00164
2007-02-23,0.00137
2007-02-24,0.000706
2007-02-25,0.00129
2007-02-26,-0.00222
2007-02-27,-0.00143
2007-02-28,-0.00123
2007-03-01,0.000239
2007-03-02,0.00112
2007-03-03,-0.000699
2007-03-04,-0.00257
2007-03-05,-3.43E-05
2007-03-06,-0.00128
2007-03-07,0.000107
2007-03-08,-0.000404
2007-03-09,0.000536
2007-03-10,-0.0141
2007-03-11,-0.0036
2007-03-12,-0.00222
2007-03-13,0.000693
2007-03-14,0.000611
2007-03-15,-0.00132
2007-03-16,0.00191
2007-03-17,0.000489
2007-03-18,0.00135
2007-03-19,-0.00195
2007-03-20,0.000935
2007-03-21,0.000155
2007-03-22,0.000786
2007-03-23,0.000324
2007-03-24,0.00272
2007-03-25,-0.00286
2007-03-26,0.0011
2007-03-27,0.00157
2007-03-28,0.000621
2007-03-29,-0.000328
2007-03-30,0.00114
2007-03-31,0.000488
2007-04-01,0.000356
2007-04-02,-0.000741
2007-04-03,0.000602
2007-04-04,-7.68E-06
2007-04-05,-0.000474
2007-04-06,0.00105
2007-04-07,0.000591
2007-04-08,0.000239
2007-04-09,0.00172
2007-04-10,5.43E-05
2007-04-11,0.000594
2007-04-12,-0.0003
2007-04-13,-0.00206
2007-04-14,0.00125
2007-04-15,-0.00231
2007-04-16,0.00118
2007-04-17,-0.000889
2007-04-18,0.00162
2007-04-19,0.00101
2007-04-20,0.00151
2007-04-21,0.000168
2007-04-22,0.00262
2007-04-23,0.000932
2007-04-24,-0.00163
2007-04-25,-0.000683
2007-04-26,-0.00011
2007-04-27,-8.67E-05
2007-04-28,5.77E-05
2007-04-29,0.00147
2007-04-30,-0.000968
2007-05-01,-0.000933
2007-05-02,-0.000302
2007-05-03,0.000397
2007-05-04,-3.07E-05
2007-05-05,0.000162
2007-05-06,-0.000799
2007-05-07,-0.00059
2007-05-08,-0.000748
2007-05-09,0.000286
2007-05-10,0.000101
2007-05-11,0.000245
2007-05-12,-0.000103
2007-05-13,0.00108
2007-05-14,0.00067
2007-05-15,0.00196
2007-05-16,0.000112
2007-05-17,0.000385
2007-05-18,-0.00173
2007-05-19,0.000561
2007-05-20,0.00187
2007-05-21,-0.00181
2007-05-22,0.00117
2007-05-23,0.00134
2007-05-24,-0.000418
2007-05-25,0.000871
2007-05-27,0.000931
2007-05-28,0.00251
2007-05-29,-0.000774
2007-05-30,-0.000584
2007-05-31,-0.00049
2007-06-01,0.00197
2007-06-04,0.000599
2007-06-05,-0.00251
2007-06-06,0.00196
2007-06-07,-0.000282
2007-06-08,0.000156
2007-06-09,0.000987
2007-06-10,-0.00103
2007-06-11,0.000139
2007-06-12,0.00365
2007-06-13,0.0132
2007-06-14,0.0102
2007-06-15,0.00858
2007-06-16,0.00716
2007-06-17,0.00813
2007-06-18,0.00698
2007-06-19,0.00538
2007-06-20,0.00815
2007-06-21,0.00624
2007-06-22,0.00643
2007-06-23,0.00517
2007-06-24,0.00596
2007-06-25,0.00209
2007-06-26,0.00512
2007-06-27,0.00623
2007-06-28,0.00208
2007-06-29,-0.00131
2007-07-01,0.00149
2007-07-02,0.00298
2007-07-03,0.000933
2007-07-04,0.000747
2007-07-05,0.00225
2007-07-06,0.00222
2007-07-07,2.1E-05
2007-07-08,0.00136
2007-07-09,0.00101
2007-07-10,0.000548
2007-07-11,0.00115
2007-07-12,-0.00135
2007-07-13,0.000475
2007-07-15,-0.000419
2007-07-16,-0.00171
2007-07-17,0.000186
2007-07-18,0.000791
2007-07-19,0.000432
2007-07-20,0.00231
2007-07-21,0.00324
2007-07-22,-3.28E-05
2007-07-23,-0.00095
2007-07-24,0.000374
2007-07-25,-0.000183
2007-07-26,0.00128
2007-07-27,-0.000126
2007-07-28,0.00248
2007-07-29,0.000685
2007-07-30,0.000639
2007-07-31,-0.00122
2007-08-01,0.00194
2007-08-02,0.000368
2007-08-03,-0.000315
2007-08-04,-0.00146
2007-08-05,2.12E-05
2007-08-06,0.000419
2007-08-07,0.000157
2007-08-08,-0.000635
2007-08-09,-0.000459
2007-08-10,-0.00151
2007-08-30,0.000455
2007-08-31,-4.78E-05
2007-09-01,-0.0012
2007-09-02,0.000231
2007-09-03,0.00213
2007-09-04,0.00226
2007-09-05,-0.000256
2007-09-06,0.000576
2007-09-07,-0.000922
2007-09-08,0.00376
2007-09-09,0.00139
2007-09-10,0.00112
2007-09-11,0.00166
2007-09-12,0.000863
2007-09-13,0.000906
2007-09-14,0.00232
2007-09-15,6.45E-05
2007-09-16,0.00103
2007-09-17,0.000619
2007-09-18,-0.00217
2007-09-19,0.000709
2007-09-20,-0.000649
2007-09-21,-0.00223
2007-09-22,0.00169
2007-09-23,-0.00184
2007-09-24,0.000508
2007-09-25,0.000993
2007-09-26,0.00101
2007-09-27,-0.000494
2007-09-28,-0.0012
2007-09-29,0.000845
2007-09-30,-0.000339
2007-10-01,0.00116
2007-10-02,-0.000223
2007-10-03,-0.000647
2007-10-05,9.72E-05
2007-10-06,-0.00135
2007-10-07,-0.000782
2007-10-08,-0.000338
2007-10-09,-0.00027
2007-10-10,0.00172
2007-10-11,0.000546
2007-10-12,0.000183
2007-10-13,0.000124
2007-10-14,0.000663
2007-10-15,0.000802
2007-10-16,0.000421
2007-10-18,0.00424
2007-10-19,-8.06E-05
2007-10-20,0.000601
2007-10-21,0.00119
2007-10-22,-0.000414
2007-10-23,-0.00181
2007-10-24,-0.00105
2007-10-25,0.000268
2007-10-26,-0.000355
2007-10-27,0.000625
2007-10-28,0.000951
2007-10-29,0.000989
2007-10-30,0.00281
2007-10-31,-0.000901
2007-11-01,0.0036
2007-11-02,-0.000841
2007-11-03,0.000335
2007-11-04,-7.06E-05
2007-11-05,9.54E-05
2007-11-06,-3.68E-05
2007-11-07,-0.000347
2007-11-08,0.000917
2007-11-09,-0.000978
2007-11-10,0.00203
2007-11-11,0.00097
2007-11-12,-0.000654
2007-11-13,-0.000492
2007-11-15,0.00451
2007-11-16,0.0009
2007-11-17,0.00163
2007-11-18,0.00296
2007-11-19,0.00362
2007-11-26,0.00224
2007-11-27,0.00327
2007-11-28,-0.00242
2007-11-29,-0.00527
2007-11-30,-0.000885
2007-12-01,0.00479
2007-12-02,0.0116
2007-12-03,-0.00267
2007-12-04,-0.00438
2007-12-30,5.81E-05
2007-12-31,0.00219
2008-01-01,-0.000219
2008-01-03,-0.00496
2008-01-04,-0.00595
2008-01-08,0.0015
2008-01-13,0.00069
2008-01-15,0.0016
2008-01-16,-0.00152
2008-01-17,0.00153
2008-01-18,-4.8E-06
2008-01-19,-0.00224
2008-01-20,-0.00122
2008-01-21,-0.000748
2008-01-22,-0.000253
2008-01-23,-0.00209
2008-01-24,-0.000364
2008-01-25,0.000402
2008-01-26,-0.000145
2008-01-27,-0.00124
2008-01-28,0.00165
2008-01-29,-0.000683
2008-01-30,-0.000738
2008-01-31,-0.00129
2008-02-03,-0.00342
2008-02-04,-0.0015
2008-02-05,-0.000235
2008-02-06,0.000215
2008-02-07,7.39E-05
2008-02-08,0.0022
2008-02-09,-0.000766
2008-02-10,0.000944
2008-02-11,0.000732
2008-02-12,-0.00487
2008-02-13,-0.00738
2008-02-14,-0.00031
2008-02-15,0.000584
2008-02-16,-0.000578
2008-02-17,0.000887
2008-02-18,0.000876
2008-02-19,-0.00248
2008-02-20,0.00349
2008-02-21,0.000577
2008-02-22,-8.93E-05
2008-02-23,0.00189
2008-02-24,0.00356
2008-02-25,0.00341
2008-02-26,0.00322
2008-02-27,0.00215
2008-02-28,0.00472
2008-02-29,0.00224
2008-03-01,0.00301
2008-03-02,0.00162
2008-03-03,0.00229
2008-03-04,0.000982
2008-03-05,0.00377
2008-03-06,0.00381
2008-03-07,0.00101
2008-03-08,0.00209
2008-03-09,0.00296
2008-03-10,0.00329
2008-03-11,0.00209
2008-03-12,0.00134
2008-03-13,0.00467
2008-03-14,0.00423
2008-03-15,0.00245
2008-03-16,0.0031
2008-03-17,0.00206
2008-03-18,0.00155
2008-03-19,0.000463
2008-03-20,0.00125
2008-03-21,0.00111
2008-03-22,0.000575
2008-03-23,0.00072
2008-03-24,-0.00149
2008-03-25,0.00288
2008-03-27,0.00135
2008-03-28,0.00123
2008-03-29,0.00325
2008-03-30,0.000299
2008-03-31,0.00182
2008-04-01,0.00159
2008-04-02,0.000246
2008-04-03,0.000917
2008-04-04,-0.000224
2008-04-05,-0.000795
2008-04-06,0.000715
2008-04-07,-0.000173
2008-04-08,-0.00106
2008-04-09,-0.000771
2008-04-10,5.31E-05
2008-04-11,0.000373
2008-04-12,-0.000213
2008-04-13,0.000185
2008-04-14,-0.000221
2008-04-15,-0.00156
2008-04-16,0.000364
2008-04-17,-0.000332
2008-04-18,0.00157
2008-04-19,-0.000975
2008-04-20,-0.000428
2008-04-21,0.00179
2008-04-22,-0.000387
2008-04-23,-1.9E-05
2008-04-24,-0.00126
2008-04-25,-0.00151
2008-04-26,0.00105
2008-04-27,-0.00341
2008-04-28,-0.00138
2008-04-29,0.00153
2008-04-30,0.000269
2008-05-01,0.000578
2008-05-02,0.000515
2008-05-03,0.000515
2008-05-04,0.00246
2008-05-05,0.00177
2008-05-06,0.00125
2008-05-07,-0.000561
2008-05-08,0.0022
2008-05-09,7.76E-05
2008-05-10,0.000971
2008-05-11,-0.000629
2008-05-12,4.29E-05
2008-05-13,-0.000109
2008-05-14,0.000629
2008-05-15,0.000839
2008-05-16,-0.000515
2008-05-17,-0.000945
2008-05-18,0.000517
2008-05-19,-0.000623
2008-05-20,-0.000894
2008-05-21,-0.00472
2008-05-22,-0.00287
2008-05-23,-0.0013
2008-05-24,0.00232
2008-05-25,-0.00118
2008-05-26,0.00309
2008-05-27,-0.000544
2008-05-28,0.00167
2008-05-29,-0.000379
2008-05-30,-0.000759
2008-05-31,0.000609
2008-06-01,4.62E-05
2008-06-02,0.00658
2008-06-03,0.00541
2008-06-04,0.00662
2008-06-05,0.00791
2008-06-06,0.0056
2008-06-07,0.0043
2008-06-08,0.0083
2008-06-09,0.00373
2008-06-10,0.000908
2008-06-11,0.00326
2008-06-12,0.000948
2008-06-13,0.00102
2008-06-14,0.00138
2008-06-15,0.0013
2008-06-16,0.000972
2008-06-17,-7.53E-05
2008-06-18,0.00136
2008-06-19,0.000784
2008-06-20,0.000108
2008-06-21,-1.25E-05
2008-06-22,0.0022
2008-06-23,6.03E-05
2008-06-24,-0.000798
2008-06-25,-0.00039
2008-06-26,-0.00102
2008-06-27,-0.000192
2008-06-28,-0.000589
2008-06-29,0.00271
2008-06-30,0.000219
2008-07-01,0.000461
2008-07-02,-0.00161
2008-07-03,0.00392
2008-07-04,0.000462
2008-07-05,0.000348
2008-07-06,-0.000527
2008-07-07,-0.000676
2008-07-08,-0.00125
2008-07-09,-0.000438
2008-07-10,0.000473
2008-07-11,0.000734
2008-07-12,0.000821
2008-07-13,0.000291
2008-07-14,0.00043
2008-07-16,-0.00131
2008-07-17,0.000518
2008-07-18,0.00133
2008-07-19,-0.000576
2008-07-20,0.00181
2008-07-21,-0.000149
2008-07-22,0.00107
2008-07-23,0.000437
2008-07-24,0.00182
2008-07-25,0.000805
2008-07-26,0.000343
2008-07-27,0.00132
2008-07-28,0.000308
2008-07-29,0.00117
2008-07-30,0.00024
2008-07-31,-0.00169
2008-08-01,0.000808
2008-08-02,0.000517
2008-08-03,-0.00031
2008-08-04,9.36E-06
2008-08-05,0.000477
2008-08-06,-0.000401
2008-08-07,0.00081
2008-08-08,-0.00135
2008-08-09,-0.000375
2008-08-10,0.000949
2008-08-11,0.000185
2008-08-12,-0.00145
2008-08-13,0.000487
2008-08-14,0.00139
2008-08-15,-0.00143
2008-08-16,0.00285
2008-08-17,-0.000479
2008-08-18,0.000513
2008-08-19,0.000765
2008-08-20,0.00119
2008-08-21,-0.000351
2008-08-22,-0.000174
2008-08-23,9.45E-05
2008-08-24,0.00037
2008-08-25,-0.000647
2008-08-26,0.00079
2008-08-27,-0.000565
2008-08-28,0.00016
2008-08-29,-8.64E-06
2008-08-30,-0.000309
2008-08-31,-0.000774
2008-09-01,0.00085
2008-09-02,-0.000617
2008-09-03,0.00106
2008-09-04,0.00172
2008-09-05,-0.000603
2008-09-06,-0.000556
2008-09-07,-0.00117
2008-09-08,7.34E-05
2008-09-09,0.000873
2008-09-10,0.00248
2008-09-11,0.00176
2008-09-12,0.00243
2008-09-13,0.00179
2008-09-14,0.00173
2008-09-15,0.00287
2008-09-16,0.00287
2008-09-17,0.00328
2008-09-18,0.00529
2008-09-19,0.00532
2008-09-20,0.0049
2008-09-21,0.00545
2008-09-22,0.00612
2008-09-23,0.00499
2008-09-24,0.00317
2008-09-25,0.00399
2008-09-26,0.00391
2008-09-27,0.00315
2008-09-28,0.000949
2008-09-29,0.00395
2008-09-30,0.00393
2008-10-01,0.00223
2008-10-02,0.00168
2008-10-03,0.0019
2008-10-04,0.00151
2008-10-05,0.00246
2008-10-06,0.000263
2008-10-07,0.0013
2008-10-08,0.000549
2008-10-09,0.00127
2008-10-10,0.00164
2008-10-11,0.00182
2008-10-12,0.00167
2008-10-13,0.000909
2008-10-14,0.00206
2008-10-15,0.000871
2008-10-16,0.00106
2008-10-17,0.000491
2008-10-18,0.00103
2008-10-19,0.000474
2008-10-20,-3.13E-06
2008-10-21,0.000848
2008-10-22,0.000497
2008-10-23,0.00248
2008-10-24,3.34E-05
2008-10-25,0.00145
2008-10-26,-0.000435
2008-10-27,0.00033
2008-10-28,0.0104
2008-10-29,-0.00423
2008-10-30,-0.000263
2008-10-31,-0.00253
2008-11-01,-0.00223
2008-11-02,0.000787
2008-11-03,-0.000596
2008-11-04,-0.00117
2008-11-05,-0.00281
2008-11-06,0.00105
2008-11-07,-0.0012
2008-11-08,0.00268
2008-11-09,0.00242
2008-11-11,-0.00563
2008-11-12,-0.00327
2008-11-13,0.000496
2008-11-14,-0.000551
2008-11-15,-0.000431
2008-11-16,0.000889
2008-11-17,0.0012
2008-11-18,-0.00198
2008-11-19,-0.00129
2008-11-25,9.29E-05
2008-11-26,-0.00736
2008-11-27,-0.00779
2008-11-29,0.00632
2008-11-30,-0.0021
2008-12-01,-0.0059
2008-12-04,-0.0263
2008-12-05,0.00186
2008-12-25,-0.00131
2008-12-26,0.00374
2008-12-27,0.00109
2008-12-28,-0.00538
2008-12-29,-0.0137
2009-01-02,-0.0164
2009-01-03,-0.00933
2009-01-04,-0.000912
2009-01-05,-0.00104
2009-01-06,0.0118
2009-01-07,0.00688
2009-01-08,0.0224
2009-01-09,0.0108
2009-01-10,0.00427
2009-01-11,0.00139
2009-01-12,0.00467
2009-01-13,0.00127
2009-01-17,0.00284
2009-01-22,0.000321
2009-01-23,-2.53E-05
2009-01-24,0.0027
2009-01-25,0.000253
2009-01-26,0.00151
2009-01-27,0.000409
2009-01-28,-0.000417
2009-01-29,0.000328
2009-01-30,8.62E-05
2009-01-31,0.00308
2009-02-01,0.000918
2009-02-02,0.00162
2009-02-03,0.000575
2009-02-04,0.00143
2009-02-05,0.00366
2009-02-06,-0.000832
2009-02-07,0.00154
2009-02-08,0.00168
2009-02-09,0.00305
2009-02-10,0.00153
2009-02-11,0.000989
2009-02-12,0.00183
2009-02-13,0.00226
2009-02-14,-0.00111
2009-02-15,0.00438
2009-02-16,0.00283
2009-02-17,-0.00276
2009-02-18,-0.000953
2009-02-19,0.00221
2009-02-20,0.00484
2009-02-21,0.00209
2009-02-22,0.00175
2009-02-23,0.00226
2009-02-24,0.00352
2009-02-25,0.00136
2009-02-26,0.00149
2009-02-27,0.000789
2009-02-28,0.00308
2009-03-01,0.00051
2009-03-02,0.00103
2009-03-03,8.78E-05
2009-03-04,0.000793
2009-03-05,0.00128
2009-03-06,0.00148
2009-03-07,-8.86E-05
2009-03-08,-0.00163
2009-03-09,0.00136
2009-03-10,0.00298
2009-03-11,0.000688
2009-03-12,0.00144
2009-03-13,0.00105
2009-03-14,-0.000156
2009-03-15,-0.00119
2009-03-16,0.000878
2009-03-17,8.24E-05
2009-03-18,0.000638
2009-03-19,0.000118
2009-03-20,0.00141
2009-03-21,0.00112
2009-03-22,0.000221
2009-03-23,-0.00216
2009-03-24,-0.0002
2009-03-25,0.00148
2009-03-26,0.00127
2009-03-27,0.00191
2009-03-28,0.00353
2009-03-29,-0.000229
2009-03-30,-0.000928
2009-03-31,0.00123
2009-04-01,0.00323
2009-04-02,0.00285
2009-04-03,0.00335
2009-04-04,0.000374
2009-04-05,-0.000321
2009-04-06,0.00107
2009-04-07,0.00267
2009-04-08,-0.00499
2009-04-09,0.00958
2009-04-10,-0.00246
2009-04-11,-0.00185
2009-04-12,-0.00093
2009-04-13,0.00156
2009-04-14,-0.000233
2009-04-15,0.000263
2009-04-16,-0.000382
2009-04-17,-0.00101
2009-04-18,0.00255
2009-04-19,0.00779
2009-04-20,-0.00788
2009-04-21,0.00264
2009-04-22,0.00229
2009-04-23,-0.000829
2009-04-24,0.0011
2009-04-25,0.000267
2009-04-26,-0.00222
2009-04-27,0.00175
2009-04-28,-0.000921
2009-04-29,0.000277
2009-05-01,0.00163
2009-05-02,-0.00193
2009-05-03,-0.000626
2009-05-04,-0.00204
2009-05-05,-0.00065
2009-05-06,-0.000501
2009-05-07,-0.00123
2009-05-08,-0.00113
2009-05-09,-0.000253
2009-05-10,0.00293
2009-05-12,-0.000838
2009-05-13,0.00131
2009-05-14,0.00242
2009-05-15,-0.000433
2009-05-16,-0.00307
2009-05-17,0.00214
2009-05-18,-0.00055
2009-05-19,0.00282
2009-05-20,-0.0022
2009-05-21,0.00111
2009-05-22,0.00235
2009-05-23,0.00705
2009-05-24,0.00496
2009-05-25,0.00509
2009-05-26,0.00872
2009-05-27,0.00352
2009-05-28,0.000628
2009-05-29,0.00377
2009-05-30,0.00352
2009-05-31,0.00191
2009-06-01,0.00464
2009-06-02,0.00361
2009-06-03,0.00379
2009-06-04,-0.000642
2009-06-05,9.02E-05
2009-06-06,0.00248
2009-06-07,6.12E-05
2009-06-10,0.000665
2009-06-11,-0.000547
2009-06-12,-0.000108
2009-06-13,0.000385
2009-06-14,-0.000716
2009-06-15,0.00215
2009-06-16,-7.08E-05
2009-06-17,0.000604
2009-06-18,-3.88E-05
2009-06-19,-0.000149
2009-06-20,0.000979
2009-06-22,0.00108
2009-06-23,0.000292
2009-06-24,-0.000842
2009-06-25,0.00187
2009-06-26,-0.00226
2009-06-27,-0.000489
2009-06-28,-0.00238
2009-06-29,-0.000619
2009-06-30,-0.000873
2009-07-01,-0.000859
2009-07-02,-0.000764
2009-07-03,0.000408
2009-07-04,0.00153
2009-07-06,-0.00143
2009-07-07,-0.00103
2009-07-08,-0.000345
2009-07-09,0.000581
2009-07-10,0.00189
2009-07-11,0.000604
2009-07-12,0.00192
2009-07-17,-0.000393
2009-07-18,-0.00127
2009-07-19,-0.00159
2009-07-20,-0.00043
2009-07-21,-0.0014
2009-07-22,-0.000852
2009-07-23,-0.00135
2009-07-24,0.000627
2009-07-25,0.000432
2009-07-26,-0.00301
2009-07-28,0.00221
2009-07-29,0.0016
2009-07-30,0.000119
2009-07-31,-0.000309
2009-08-01,-0.00564
2009-08-02,0.000434
2009-08-03,0.000865
2009-08-04,-0.00157
2009-08-05,0.00125
2009-08-06,-0.00121
2009-08-07,-0.0013
2009-08-08,-0.00314
2009-08-09,-0.00217
2009-08-10,0.00253
2009-08-11,0.000217
2009-08-12,0.00249
2009-08-13,0.000432
2009-08-15,0.000651
2009-08-16,-0.00125
2009-08-17,-0.00349
2009-08-18,-0.00017
2009-08-19,0.00077
2009-08-20,-0.000589
2009-08-21,-0.00123
2009-08-22,-0.000855
2009-08-23,0.000446
2009-08-24,0.00108
2009-08-25,0.00469
2009-08-26,0.000697
2009-08-27,0.000386
2009-08-28,0.0065
2009-08-29,0.00191
2009-08-30,0.00395
2009-08-31,0.00269
2009-09-01,0.00215
2009-09-02,0.0029
2009-09-03,-0.000948
2009-09-04,0.000711
2009-09-05,0.000535
2009-09-06,0.00253
2009-09-07,0.0027
2009-09-08,0.00362
2009-09-09,0.00404
2009-09-10,0.00268
2009-09-11,0.00468
2009-09-12,0.00178
2009-09-13,0.00273
2009-09-14,0.000845
2009-09-15,0.00392
2009-09-16,-1.33E-05
2009-09-17,-0.00214
2009-09-20,0.00139
2009-09-21,-0.000991
2009-09-22,-0.00223
2009-09-23,-0.00212
2009-09-24,-0.00205
2009-09-25,0.0021
2009-09-26,0.000388
2009-09-27,-0.000396
2009-09-28,0.000895
2009-09-29,-0.0016
2009-09-30,-0.000499
2009-10-01,0.00496
2009-10-02,-0.000812
2009-10-03,0.000232
2009-10-04,0.000656
2009-10-05,0.000798
2009-10-06,-1.87E-05
2009-10-07,0.00125
2009-10-08,1.56E-05
2009-10-09,-0.000136
2009-10-10,-0.000397
2009-10-11,-0.000505
2009-10-12,-0.0007
2009-10-13,-9.51E-06
2009-10-14,0.0012
2009-10-15,8.23E-05
2009-10-16,0.00142
2009-10-17,0.000487
2009-10-18,-0.000314
2009-10-19,0.00101
2009-10-20,0.0012
2009-10-21,-0.00136
2009-10-22,0.000191
2009-10-23,0.00392
2009-10-24,0.00334
2009-10-25,0.00277
2009-10-26,0.00218
2009-10-27,-0.00134
2009-10-28,-0.00149
2009-10-29,-0.000153
2009-10-30,-0.00201
2009-10-31,7.23E-06
2009-11-01,0.00252
2009-11-02,0.00133
2009-11-03,0.00189
2009-11-04,0.00273
2009-11-05,0.00126
2009-11-06,-0.00244
2009-11-07,-0.000845
2009-11-08,-0.000411
2009-11-09,0.00121
2009-11-10,0.000245
2009-11-11,-0.0012
2009-11-12,0.000639
2009-11-13,8.69E-05
2009-11-14,0.000766
2009-11-15,0.00272
2009-11-16,0.00163
2009-11-17,0.00381
2009-11-18,0.000601
2009-11-27,-0.00642
2009-11-28,-0.000353
2009-11-29,-0.002
2009-11-30,-0.0104
2009-12-01,-0.00208
2009-12-02,-0.00639
2009-12-03,0.000128
2009-12-04,-0.00486
2009-12-05,0.0095
2009-12-06,0.0209
2009-12-24,0.000383
2009-12-25,-0.00883
2009-12-26,0.00051
2009-12-27,-0.00554
2009-12-29,-0.00013
2009-12-30,-0.00296
2009-12-31,0.000321
2010-01-01,0.00237
2010-01-02,0.0113
2010-01-03,0.00219
2010-01-04,-0.00373
2010-01-05,-0.00969
2010-01-06,0.0033
2010-01-07,0.00223
2010-01-08,-0.00208
2010-01-09,0.000225
2010-01-10,0.00234
2010-01-11,0.00628
2010-01-12,-0.00304
2010-01-13,-0.0158
2010-01-14,-0.0101
2010-01-15,0.00212
2010-01-16,0.00588
2010-01-17,0.00957
2010-01-18,0.0041
2010-01-19,0.00388
2010-01-20,0.00473
2010-01-21,0.00622
2010-01-26,0.00493
2010-01-27,7.85E-05
2010-01-29,0.00339
2010-01-30,0.0042
2010-01-31,0.00347
2010-02-01,0.00256
2010-02-02,0.00108
2010-02-03,0.0019
2010-02-04,0.00431
2010-02-05,0.00215
2010-02-06,0.00492
2010-02-07,0.00493
2010-02-08,0.00478
2010-02-09,0.00305
2010-02-10,0.00148
2010-02-11,0.0023
2010-02-12,0.00331
2010-02-13,0.00165
2010-02-14,0.0047
2010-02-15,0.00339
2010-02-16,0.00261
2010-02-17,0.0023
2010-02-18,0.00404
2010-02-19,0.00226
2010-02-20,0.00215
2010-02-21,0.00365
2010-02-22,0.00151
2010-02-23,0.00223
2010-02-24,0.00174
2010-02-25,0.00244
2010-02-26,0.00049
2010-02-27,0.000839
2010-02-28,0.0011
2010-03-01,0.000464
2010-03-02,0.000344
2010-03-03,0.000717
2010-03-04,0.000772
2010-03-05,0.000756
2010-03-06,0.00096
2010-03-07,-0.00103
2010-03-08,0.00208
2010-03-09,0.00105
2010-03-10,0.00127
2010-03-11,0.00207
2010-03-12,0.000498
2010-03-13,-0.000682
2010-03-14,-0.000664
2010-03-15,0.0002
2010-03-16,0.000931
2010-03-17,-9.65E-05
2010-03-18,0.00165
2010-03-19,0.000211
2010-03-20,0.00255
2010-03-21,-0.000482
2010-03-22,-0.00145
2010-03-23,-0.00236
2010-03-24,0.000514
2010-03-25,0.000196
2010-03-26,-0.00138
2010-03-27,0.000744
2010-03-28,-0.00074
2010-03-29,-0.0014
2010-03-30,-0.000199
2010-03-31,-0.000433
2010-04-01,9.49E-05
2010-04-02,0.00384
2010-04-03,0.00374
2010-04-04,0.00151
2010-04-05,-0.000698
2010-04-06,0.000947
2010-04-07,0.00103
2010-04-08,-0.00167
2010-04-09,0.000262
2010-04-10,0.00134
2010-04-11,0.00156
2010-04-12,0.000673
2010-04-13,-0.000744
2010-04-14,-0.00226
2010-04-15,0.000245
2010-04-16,2.66E-05
2010-04-17,-0.00257
2010-04-18,0.00048
2010-04-19,-0.000706
2010-04-20,-0.000753
2010-04-21,-0.000515
2010-04-22,0.000531
2010-04-23,0.000285
2010-04-24,-1.93E-05
2010-04-25,0.00249
2010-04-26,0.00248
2010-04-27,-0.000719
2010-04-28,0.00179
2010-04-29,-0.00135
2010-04-30,-5.45E-05
2010-05-01,0.000631
2010-05-02,-0.00143
2010-05-03,0.00382
2010-05-04,-0.000912
2010-05-05,-0.0017
2010-05-06,0.00181
2010-05-07,0.00201
2010-05-08,-3.83E-05
2010-05-09,0.000791
2010-05-10,-0.00068
2010-05-11,0.00128
2010-05-12,-0.00125
2010-05-13,-0.000938
2010-05-14,0.00038
2010-05-15,0.00032
2010-05-16,3.53E-05
2010-05-17,-5.7E-05
2010-05-18,0.000436
2010-05-19,0.00358
2010-05-20,-0.000819
2010-05-21,4.3E-05
2010-05-22,-0.000423
2010-05-23,-0.00402
2010-05-24,0.000479
2010-05-25,0.00108
2010-05-26,0.000307
2010-05-27,-8.42E-06
2010-05-28,-0.00142
2010-05-29,-0.00415
2010-05-30,0.00084
2010-05-31,0.000541
2010-06-01,0.000458
2010-06-02,-0.000965
2010-06-03,-0.00134
2010-06-05,-9.81E-05
2010-06-06,-0.00213
2010-06-07,-0.00364
2010-06-08,-0.00277
2010-06-09,4.89E-05
2010-06-10,-0.00282
2010-06-11,-0.00147
2010-06-12,-0.000497
2010-06-13,0.000982
2010-06-14,-0.00152
2010-06-15,-0.000593
2010-06-16,0.00117
2010-06-17,0.000513
2010-06-18,-0.00169
2010-06-19,0.00524
2010-06-20,-0.000107
2010-06-21,-0.00041
2010-06-22,0.00315
2010-06-23,0.00021
2010-06-24,-0.0008
2010-06-25,0.000451
2010-06-26,-0.000378
2010-06-27,-0.000753
2010-06-28,0.00314
2010-06-29,0.00132
2010-06-30,0.00243
2010-07-01,0.00114
2010-07-02,0.000504
2010-07-03,0.00109
2010-07-04,-0.00433
2010-07-05,-4.22E-05
2010-07-06,-0.00187
2010-07-07,-0.00142
2010-07-08,0.000244
2010-07-09,-0.00127
2010-07-10,-0.00275
2010-07-11,0.000895
2010-07-12,0.000977
2010-07-13,-5.47E-05
2010-07-14,-0.000829
2010-07-15,0.000976
2010-07-16,0.00323
2010-07-17,0.00347
2010-07-18,0.00246
2010-07-19,-0.000221
2010-07-20,0.00238
2010-07-21,0.00337
2010-07-22,0.00485
2010-07-23,0.00321
2010-07-24,0.00529
2010-07-25,0.00358
2010-07-26,0.000321
2010-07-27,0.00136
2010-07-29,0.00336
2010-07-30,0.000692
2010-07-31,0.00309
2010-08-01,0.000786
2010-08-02,0.000554
2010-08-03,0.00161
2010-08-04,0.00128
2010-08-05,-0.000591
2010-08-06,0.00103
2010-08-07,-0.0003
2010-08-08,-0.00027
2010-08-09,-0.00171
2010-08-10,0.00272
2010-08-11,-0.000173
2010-08-12,0.00159
2010-08-13,0.000283
2010-08-15,0.00769
2010-08-16,-0.00687
2010-08-17,-0.00115
2010-08-18,-0.000721
2010-08-19,-0.000294
2010-08-20,0.00131
2010-08-21,-0.000149
2010-08-22,0.000477
2010-08-23,9.79E-05
2010-08-24,0.000168
2010-08-25,0.00174
2010-08-26,-0.00041
2010-08-27,0.00071
2010-08-28,-0.000331
2010-08-29,-0.000455
2010-08-30,0.000746
2010-08-31,-0.00341
2010-09-01,0.000432
2010-09-02,-0.00123
2010-09-03,0.00119
2010-09-04,-0.00133
2010-09-05,-0.000655
2010-09-06,0.00144
2010-09-07,-0.000437
2010-09-08,0.000626
2010-09-09,0.000893
2010-09-10,-0.000245
2010-09-11,0.00201
2010-09-12,0.0013
2010-09-13,-0.000121
2010-09-14,0.00325
2010-09-15,-0.00307
2010-09-16,0.000391
2010-09-17,0.000191
2010-09-18,0.00353
2010-09-19,0.00337
2010-09-20,0.00245
2010-09-21,-0.00193
2010-09-22,-0.0027
2010-09-23,-0.000671
2010-09-24,-0.00252
2010-09-25,0.000836
2010-09-26,-0.00378
2010-09-27,-0.00155
2010-09-28,-0.0013
2010-09-29,-5.59E-05
2010-09-30,-0.000265
2010-10-01,-0.000248
2010-10-02,-7.06E-06
2010-10-03,-0.00272
2010-10-04,-0.00133
2010-10-05,-0.00155
2010-10-06,-0.000905
2010-10-07,-0.00255
2010-10-08,-0.00057
2010-10-09,-0.00245
2010-10-10,-0.00229
2010-10-11,0.0171
2010-10-12,-0.0026
2010-10-13,0.000967
2010-10-14,0.000425
2010-10-15,-0.000533
2010-10-16,-0.000728
2010-10-17,-0.000282
2010-10-18,0.000654
2010-10-19,0.000594
2010-10-20,-0.00249
2010-10-21,-0.00262
2010-10-22,0.000475
2010-10-23,0.00189
2010-10-24,0.00075
2010-10-25,0.00103
2010-10-26,0.000535
2010-10-27,0.000272
2010-10-28,-9.97E-05
2010-10-29,0.00162
2010-10-30,8.03E-05
2010-10-31,0.000976
2010-11-01,0.000446
2010-11-02,-0.000708
2010-11-03,7.69E-05
2010-11-04,-0.00273
2010-11-05,0.00156
2010-11-06,0.000199
2010-11-07,-0.000308
2010-11-08,0.00509
2010-11-09,0.0039
2010-11-10,-0.00363
2010-11-11,-0.00654
2010-11-12,-0.00727
2010-11-13,-0.00256
2010-11-14,-0.00349
2010-11-16,-0.00216
2010-11-18,0.00172
2010-11-19,0.00218
2010-11-20,-0.00353
2010-11-21,-0.000322
2010-11-22,0.0019
2010-11-23,4.39E-05
2010-11-24,0.000836
2010-11-25,0.00054
2010-11-26,-0.00964
2010-11-27,0.0002
2010-11-29,0.00427
2010-12-01,0.00659
2010-12-02,0.00348
2010-12-03,0.00872
2010-12-04,0.012
2010-12-05,0.00229
2010-12-06,0.002
2010-12-07,0.00268
2010-12-08,0.00371
2010-12-16,0.000596
2010-12-21,-0.0024
2010-12-22,0.0125
2010-12-23,-0.0108
2010-12-25,0.0014
2010-12-26,0.0108
2010-12-27,-0.000905
2010-12-28,0.00305
2010-12-30,-0.00884
2010-12-31,0.00694
2011-01-01,0.0384
2011-01-02,0.0139
2011-01-04,0.0108
2011-01-05,0.00554
2011-01-06,0.00187
2011-01-07,0.00063
2011-01-08,0.00844
2011-01-09,0.00111
2011-01-10,0.00935
2011-01-11,0.00144
2011-01-12,0.000472
2011-01-14,0.00239
2011-01-15,0.00544
2011-01-16,0.00819
2011-01-17,0.0042
2011-01-18,0.00184
2011-01-20,0.00186
2011-01-21,0.00212
2011-01-23,0.0022
2011-01-24,0.00151
2011-01-25,-0.00146
2011-01-26,-0.00174
2011-01-28,-0.000462
2011-01-29,-0.00174
2011-01-30,-0.000739
2011-01-31,-0.000396
2011-02-01,-0.00115
2011-02-02,-0.000407
2011-02-03,-0.000378
2011-02-04,-0.00251
2011-02-05,-0.000381
2011-02-06,0.00043
2011-02-07,-0.00122
2011-02-08,0.0014
2011-02-09,0.00125
2011-02-10,0.000971
2011-02-11,-0.000541
2011-02-12,0.000389
2011-02-13,0.00114
2011-02-14,-0.00123
2011-02-15,-0.000713
2011-02-16,-0.00102
2011-02-17,-0.000233
2011-02-18,-0.000297
2011-02-19,0.00104
2011-02-20,-0.00198
2011-02-21,-0.00327
2011-02-22,-0.00204
2011-02-23,0.000845
2011-02-24,9.59E-05
2011-02-25,0.00199
2011-02-26,2.08E-05
2011-02-27,-0.00357
2011-02-28,-0.00029
2011-03-01,0.000163
2011-03-02,0.000681
2011-03-03,-4.27E-05
2011-03-04,-1.02E-05
2011-03-05,0.000894
2011-03-06,-3.82E-06
2011-03-07,0.000876
2011-03-08,0.000952
2011-03-09,-0.00246
2011-03-10,-0.00111
2011-03-11,-0.00261
2011-03-12,-0.000353
2011-03-13,-0.000796
2011-03-14,-0.000318
2011-03-15,-0.00215
2011-03-16,-1.84E-05
2011-03-17,-0.0021
2011-03-18,-0.000931
2011-03-19,8.8E-05
2011-03-20,0.00121
2011-03-21,-0.000313
2011-03-22,-0.000372
2011-03-23,-0.000603
2011-03-24,-0.000315
2011-03-25,0.0005
2011-03-26,-0.000516
2011-03-27,0.00135
2011-03-28,-0.000334
2011-03-29,0.00169
2011-03-30,-0.0011
2011-03-31,-0.00194
2011-04-01,0.00415
2011-04-03,-0.000397
2011-04-04,-0.000383
2011-04-05,-5.8E-05
2011-04-06,-8.25E-05
2011-04-07,-0.000246
2011-04-08,-0.000658
2011-04-09,-0.000952
2011-04-10,0.000994
2011-04-11,-0.00253
2011-04-12,0.0017
2011-04-13,0.000481
2011-04-14,0.000449
2011-04-15,0.000762
2011-04-16,0.000184
2011-04-17,-0.000742
2011-04-18,-0.00197
2011-04-19,0.00293
2011-04-20,0.00106
2011-04-21,-0.0019
2011-04-25,-0.00109
2011-04-26,-0.00233
2011-04-27,-0.000965
2011-04-28,0.00106
2011-04-29,-0.000745
2011-04-30,-0.00476
2011-05-01,-0.000267
2011-05-02,-0.00277
2011-05-03,0.00156
2011-05-04,-0.00207
2011-05-06,-0.00148
2011-05-07,0.00401
2011-05-08,-0.00361
2011-05-09,-0.000246
2011-05-10,0.000104
2011-05-11,-0.00186
2011-05-12,0.00177
2011-05-13,0.00352
2011-05-14,-0.000125
2011-05-15,0.00112
2011-05-16,0.000194
2011-05-17,0.00225
2011-05-18,0.00214
2011-05-19,-0.00369
2011-05-20,0.00203
2011-05-21,-0.00157
2011-05-22,0.00108
2011-05-23,-0.00184
2011-05-24,-0.00184
2011-05-25,0.000417
2011-05-26,0.0011
2011-05-27,0.00491
2011-05-28,0.00183
2011-05-29,-0.00165
2011-05-30,0.00139
2011-05-31,-0.000351
2011-06-01,0.00258
2011-06-02,0.0146
2011-06-03,-0.00233
2011-06-04,0.00213
2011-06-05,-0.000861
2011-06-06,-6.43E-05
2011-06-07,0.00285
2011-06-08,0.00072
2011-06-09,0.00527
2011-06-10,0.00495
2011-06-11,0.00397
2011-06-12,-0.00582
2011-06-13,0.00239
2011-06-14,0.00336
2011-06-15,0.00048
2011-06-17,0.000954
2011-06-18,0.000364
2011-06-19,0.00323
2011-06-20,0.00347
2011-06-21,0.000458
2011-06-22,0.00376
2011-06-23,0.00122
2011-06-24,0.00386
2011-06-25,0.00134
2011-06-26,0.00088
2011-06-27,0.00109
2011-06-28,-0.000508
2011-06-29,0.000536
2011-06-30,0.00221
2011-07-01,0.000519
2011-07-02,0.000998
2011-07-03,-0.00049
2011-07-04,0.00275
2011-07-05,0.000584
2011-07-06,0.0032
2011-07-07,0.000426
2011-07-08,0.00271
2011-07-09,-0.000535
2011-07-10,0.000134
2011-07-11,-0.000787
2011-07-12,0.00234
2011-07-13,0.00182
2011-07-14,0.00163
2011-07-15,0.00152
2011-07-16,0.00305
2011-07-17,8.98E-05
2011-07-18,-0.00143
2011-07-19,9.24E-05
2011-07-20,-0.00249
2011-07-21,-0.00112
2011-07-22,-0.00456
2011-07-23,0.00207
2011-07-24,0.000347
2011-07-25,0.00136
2011-07-27,-0.000437
2011-07-28,0.00234
2011-07-29,2.73E-05
2011-07-30,-0.00103
2011-07-31,-0.000171
2011-08-01,0.00384
2011-08-02,0.00206
2011-08-03,0.000371
2011-08-04,0.00258
2011-08-05,1.1E-05
2011-08-06,0.00114
2011-08-07,-0.0002
2011-08-08,0.000725
2011-08-09,0.00312
2011-08-10,0.00323
2011-08-12,-0.000453
2011-08-13,3.59E-05
2011-08-14,0.00185
2011-08-15,0.00147
2011-08-16,-0.000517
2011-08-17,0.00164
2011-08-18,-0.000114
2011-08-19,0.000749
2011-08-20,0.000752
2011-08-21,0.00171
2011-08-22,0.00136
2011-08-23,0.00228
2011-08-24,-0.000534
2011-08-25,0.000215
2011-08-26,0.00103
2011-08-27,0.00168
2011-08-28,0.000187
2011-08-29,0.00131
2011-08-30,0.00186
2011-08-31,0.00142
2011-09-01,0.001
2011-09-02,-0.000619
2011-09-03,0.000815
2011-09-04,0.00346
2011-09-05,0.00835
2011-09-06,0.00641
2011-09-07,0.00709
2011-09-08,0.00611
2011-09-09,0.0049
2011-09-10,0.00563
2011-09-11,0.00409
2011-09-12,0.00337
2011-09-13,0.00386
2011-09-14,0.00277
2011-09-15,0.00378
2011-09-16,0.00529
2011-09-17,0.00517
2011-09-18,0.00391
2011-09-19,0.00234
2011-09-20,0.00235
2011-09-21,0.00311
2011-09-22,0.000672
2011-09-23,0.0022
2011-09-24,0.00219
2011-09-25,0.00383
2011-09-26,0.00107
2011-09-27,0.00205
2011-09-28,0.00455
2011-09-29,0.00215
2011-09-30,0.00155
2011-10-01,0.00056
2011-10-02,0.00146
2011-10-03,0.000333
2011-10-04,0.000128
2011-10-05,0.00126
2011-10-06,0.00035
2011-10-07,0.00314
2011-10-08,0.000487
2011-10-09,0.00127
2011-10-10,0.000544
2011-10-11,0.00207
2011-10-12,0.00011
2011-10-13,0.000659
2011-10-14,0.00159
2011-10-15,0.000941
2011-10-16,0.00159
2011-10-17,-0.00156
2011-10-18,0.000347
2011-10-19,0.000672
2011-10-20,-0.000139
2011-10-21,-0.000555
2011-10-22,-0.00114
2011-10-23,-1.92E-05
2011-10-24,-0.000856
2011-10-25,0.000275
2011-10-26,-0.00096
2011-10-27,-0.000178
2011-10-28,-0.000736
2011-10-29,-0.00401
2011-10-30,0.00197
2011-10-31,-0.00344
2011-11-01,-0.000357
2011-11-02,-0.00125
2011-11-03,-0.00217
2011-11-04,-0.00122
2011-11-05,3.52E-05
2011-11-06,-0.00188
2011-11-07,-0.000178
2011-11-08,-0.00116
2011-11-09,0.00266
2011-11-10,0.000672
2011-11-11,-0.000838
2011-11-12,0.00105
2011-11-13,-0.00181
2011-11-14,0.00177
2011-11-15,-0.00129
2011-11-17,-0.000211
2011-11-18,0.00147
2011-11-19,0.0106
2011-11-20,-0.0017
2011-11-21,-0.000599
2011-11-22,0.00138
2011-11-23,-0.00319
2011-11-24,0.00441
2011-11-25,-0.00987
2011-11-26,-0.0121
2011-11-27,0.000299
2011-11-29,-0.0152
2011-11-30,-0.00682
2011-12-01,-0.000266
2011-12-02,0.00125
2011-12-03,0.000822
2011-12-04,-0.00279
2011-12-05,0.0131
2011-12-06,-0.0166
2011-12-07,0.0101
2011-12-19,0.00239
2011-12-20,0.01
2011-12-21,-0.000956
2011-12-23,0.0131
2011-12-25,0.0185
2011-12-26,0.0256
2011-12-27,0.0097
2011-12-28,-0.00474
2011-12-29,0.00644
2011-12-30,0.006
2012-01-01,-0.00134
2012-01-02,-0.00616
2012-01-03,-0.00156
2012-01-04,0.00325
2012-01-05,0.00056
2012-01-06,0.00194
2012-01-07,-0.00545
2012-01-08,-0.00265
2012-01-09,0.00547
2012-01-10,-0.000691
2012-01-11,-0.000259
2012-01-12,0.00229
2012-01-13,0.00603
2012-01-14,-0.0105
2012-01-15,-0.00108
2012-01-16,0.00283
2012-01-17,-0.00518
2012-01-18,0.00144
2012-01-19,0.00171
2012-01-21,0.000209
2012-01-22,-0.00177
2012-01-23,-0.00231
2012-01-24,-0.00536
2012-01-25,-0.000451
2012-01-26,0.00197
2012-01-28,0.00141
2012-01-29,-0.00156
2012-01-30,0.000183
2012-01-31,0.000555
2012-02-01,0.000842
2012-02-02,-4.47E-05
2012-02-03,0.000632
2012-02-04,-0.000888
2012-02-05,0.00109
2012-02-06,0.00417
2012-02-07,-0.000606
2012-02-08,0.00207
2012-02-09,-0.000127
2012-02-10,0.00103
2012-02-11,-0.00227
2012-02-12,-0.000806
2012-02-13,0.000837
2012-02-14,-0.000155
2012-02-15,-0.000395
2012-02-16,0.000157
2012-02-17,0.00201
2012-02-18,0.00315
2012-02-19,-0.000178
2012-02-20,-0.000507
2012-02-21,0.000898
2012-02-22,-0.000807
2012-02-23,0.000764
2012-02-24,0.000513
2012-02-25,0.000981
2012-02-26,-0.001
2012-02-27,-0.000179
2012-02-28,-0.00193
2012-02-29,0.000525
2012-03-01,-0.000295
2012-03-02,0.000609
2012-03-03,0.000932
2012-03-04,-0.000754
2012-03-05,-0.000331
2012-03-06,0.000148
2012-03-07,2.85E-05
2012-03-08,-0.00131
2012-03-09,-0.000828
2012-03-10,-0.000847
2012-03-11,0.00138
2012-03-12,-0.000931
2012-03-13,-9.08E-05
2012-03-14,0.000664
2012-03-15,0.00135
2012-03-16,0.000757
2012-03-17,0.00108
2012-03-18,9.84E-05
2012-03-19,0.000112
2012-03-20,0.000471
2012-03-21,0.00057
2012-03-22,-0.000317
2012-03-23,-0.000577
2012-03-24,-0.00206
2012-03-25,-0.000202
2012-03-26,0.0031
2012-03-27,0.00271
2012-03-28,0.0039
2012-03-29,0.00346
2012-03-30,0.00299
2012-03-31,0.00398
2012-04-01,0.00247
2012-04-02,0.00267
2012-04-03,0.00344
2012-04-04,0.00131
2012-04-05,0.00196
2012-04-06,0.00348
2012-04-07,0.00195
2012-04-08,-0.000855
2012-04-09,6.62E-05
2012-04-10,0.00161
2012-04-11,0.00497
2012-04-12,0.000753
2012-04-13,0.000444
2012-04-14,-0.00069
2012-04-15,0.000151
2012-04-16,-0.000461
2012-04-17,-0.000766
2012-04-18,-0.000416
2012-04-19,0.000906
2012-04-20,-0.000724
2012-04-21,4.97E-06
2012-04-22,0.00131
2012-04-23,0.00229
2012-04-24,0.000276
2012-04-25,0.001
2012-04-26,0.000549
2012-04-27,0.00079
2012-04-28,-0.000113
2012-04-29,0.000373
2012-04-30,-8.48E-05
2012-05-01,0.000308
2012-05-02,0.000215
2012-05-03,-0.000874
2012-05-04,-0.000647
2012-05-05,-0.000675
2012-05-06,-0.000984
2012-05-07,0.000309
2012-05-08,-0.000791
2012-05-09,-2.03E-05
2012-05-10,-0.000692
2012-05-11,0.00116
2012-05-12,-0.00153
2012-05-13,0.00207
2012-05-14,0.00148
2012-05-15,8.89E-05
2012-05-16,0.00088
2012-05-17,-0.000765
2012-05-18,-0.00081
2012-05-19,0.000383
2012-05-20,-5.23E-05
2012-05-21,0.00302
2012-05-22,0.000972
2012-05-24,0.00194
2012-05-25,-0.000921
2012-05-26,0.0122
2012-05-27,-0.00172
2012-05-28,-0.0018
2012-05-29,0.00161
2012-05-30,-0.000707
2012-05-31,-0.0014
2012-06-01,0.000416
2012-06-02,-0.000205
2012-06-03,0.00122
2012-06-04,-0.00139
2012-06-05,-0.000336
2012-06-06,-0.000284
2012-06-07,-0.000788
2012-06-08,0.00203
2012-06-09,-0.00257
2012-06-10,0.000335
2012-06-11,0.00157
2012-06-12,-0.000511
2012-06-13,-0.00125
2012-06-14,-0.000989
2012-06-15,0.0022
2012-06-16,0.00209
2012-06-17,0.00115
2012-06-18,-0.00038
2012-06-19,-0.000486
2012-06-20,-0.00132
2012-06-21,-0.000615
2012-06-22,-0.00106
2012-06-23,0.000439
2012-06-24,7E-08
2012-06-25,-0.00107
2012-06-26,-0.000498
2012-06-27,-0.0002
2012-06-28,0.00026
2012-06-29,-0.000189
2012-06-30,-0.000291
2012-07-01,0.00083
2012-07-02,-0.00303
2012-07-03,0.00109
2012-07-04,0.000637
2012-07-05,-0.000379
2012-07-06,-0.00201
2012-07-07,-0.00266
2012-07-08,0.000307
2012-07-09,-0.000365
2012-07-10,-0.000513
2012-07-11,0.00186
2012-07-12,0.00118
2012-07-13,0.00402
2012-07-14,-0.000392
2012-07-15,0.000717
2012-07-16,-0.000747
2012-07-17,-0.000245
2012-07-18,0.000289
2012-07-19,-8.07E-05
2012-07-20,-0.000144
2012-07-21,-0.00021
2012-07-22,-0.000733
2012-07-23,0.00425
2012-07-24,0.00496
2012-07-25,0.00117
2012-07-26,0.00304
2012-07-27,0.00365
2012-07-28,0.00315
2012-07-29,0.0043
2012-07-30,0.0019
2012-07-31,0.000257
2012-08-01,0.000985
2012-08-02,0.00227
2012-08-03,0.00172
2012-08-04,0.00234
2012-08-05,0.00189
2012-08-06,0.00282
2012-08-07,0.00203
2012-08-08,0.00224
2012-08-09,0.00144
2012-08-10,0.002
2012-08-11,0.000912
2012-08-13,0.00125
2012-08-14,-0.000211
2012-08-15,0.000631
2012-08-16,0.00101
2012-08-17,-0.000657
2012-08-18,-0.000103
2012-08-19,0.00162
2012-08-20,0.00159
2012-08-21,0.00131
2012-08-22,4.83E-05
2012-08-23,0.000113
2012-08-24,0.00041
2012-08-25,0.00098
2012-08-26,-0.00275
2012-08-27,0.000648
2012-08-28,-0.000118
2012-08-29,-0.000306
2012-08-30,0.000272
2012-08-31,0.000406
2012-09-01,0.00167
2012-09-02,-6.2E-05
2012-09-03,-0.0002
2012-09-04,-0.000747
2012-09-05,-0.000923
2012-09-06,-0.000301
2012-09-07,0.000123
2012-09-08,-0.000266
2012-09-09,0.000741
2012-09-10,0.00128
2012-09-11,-0.000297
2012-09-12,-1.43E-05
2012-09-13,0.00053
2012-09-14,0.000723
2012-09-15,3.87E-05
2012-09-16,0.000461
2012-09-17,0.00403
2012-09-18,0.000167
2012-09-19,0.00198
2012-09-20,-0.000329
2012-09-21,0.00352
2012-09-22,0.00229
2012-09-23,-0.000219
2012-09-24,-0.000924
2012-09-25,0.00115
2012-09-26,0.000998
2012-09-27,0.00028
2012-09-28,0.000552
2012-09-29,0.000178
2012-09-30,0.00185
2012-10-01,-0.00122
2012-10-02,-0.00118
2012-10-03,-0.00182
2012-10-04,-0.00214
2012-10-05,-0.00188
2012-10-06,-0.00163
2012-10-07,0.00094
2012-10-08,0.00175
2012-10-09,-0.00133
2012-10-10,-0.00213
2012-10-11,-0.000965
2012-10-12,9.46E-05
2012-10-13,-5.31E-05
2012-10-14,-0.00111
2012-10-15,-0.000693
2012-10-16,-0.000635
2012-10-17,-0.000604
2012-10-18,-0.000519
2012-10-19,0.00135
2012-10-20,-0.000891
2012-10-21,-0.00358
2012-10-22,-0.000602
2012-10-23,-0.00128
2012-10-24,-0.00273
2012-10-25,-0.000336
2012-10-26,0.0019
2012-10-27,-0.00102
2012-10-28,0.0017
2012-10-30,-0.000729
2012-10-31,-0.00372
2012-11-01,-0.000744
2012-11-02,-0.00164
2012-11-03,0.000621
2012-11-04,-0.00103
2012-11-05,8.72E-06
2012-11-06,-0.000718
2012-11-07,-0.00118
2012-11-08,-0.00066
2012-11-09,-0.00156
2012-11-10,-0.00136
2012-11-11,0.00107
2012-11-12,0.0005
2012-11-13,-0.00109
2012-11-14,-0.000719
2012-11-15,0.000956
2012-11-16,0.00388
2012-11-18,-0.00262
2012-11-19,-0.000983
2012-11-20,-0.00334
2012-11-21,-0.00173
2012-11-22,0.00859
2012-11-23,0.0143
2012-11-24,0.0119
2012-11-25,0.0144
2012-11-26,0.00561
2012-11-27,0.0122
2012-11-28,0.00375
2012-11-29,-0.0137
2012-12-05,-0.0047
2012-12-06,0.00382
2012-12-18,-0.00221
2012-12-19,0.00641
2012-12-28,-0.00317
2012-12-30,-0.00285
2013-01-01,-0.0167
2013-01-02,-0.0252
2013-01-03,0.00186
2013-01-04,-0.0019
2013-01-05,-0.00449
2013-01-06,0.00916
2013-01-07,0.00138
2013-01-08,0.00669
2013-01-10,0.0012
2013-01-11,0.00131
2013-01-12,-0.000234
2013-01-13,-0.00136
2013-01-15,0.00189
2013-01-16,-0.00106
2013-01-17,-0.00088
2013-01-19,0.0038
2013-01-20,-0.000723
2013-01-21,0.00116
2013-01-22,0.00501
2013-01-23,-0.00208
2013-01-24,-0.00174
2013-01-25,-0.00118
2013-01-26,0.000574
2013-01-27,0.000176
2013-01-28,-0.00185
2013-01-29,0.00128
2013-01-30,-0.00241
2013-01-31,-3.53E-05
2013-02-01,-0.00086
2013-02-02,-0.000305
2013-02-03,-0.000349
2013-02-04,-0.000551
2013-02-05,0.000622
2013-02-06,0.000747
2013-02-07,0.00155
2013-02-08,-0.000248
2013-02-09,0.000747
2013-02-10,-0.000336
2013-02-11,0.00117
2013-02-12,-0.000105
2013-02-13,0.00092
2013-02-15,-0.000616
2013-02-16,-0.00152
2013-02-17,0.00111
2013-02-18,-0.00159
2013-02-19,-0.0014
2013-02-20,-0.00139
2013-02-21,-0.00176
2013-02-22,0.000232
2013-02-23,0.000128
2013-02-24,0.00086
2013-02-25,0.000427
2013-02-26,0.00163
2013-02-27,0.00159
2013-02-28,0.00542
2013-03-01,0.00744
2013-03-02,0.00881
2013-03-03,0.00963
2013-03-04,0.00483
2013-03-05,0.00528
2013-03-06,0.00494
2013-03-07,0.00736
2013-03-08,0.00122
2013-03-09,0.00655
2013-03-10,0.000364
2013-03-11,0.00201
2013-03-12,0.00454
2013-03-13,0.00187
2013-03-14,-0.000462
2013-03-15,0.0012
2013-03-16,0.00178
2013-03-17,0.00138
2013-03-18,0.00192
2013-03-19,0.00167
2013-03-20,0.00215
2013-03-21,0.00245
2013-03-22,-0.00111
2013-03-23,-0.000302
2013-03-24,-0.000859
2013-03-25,0.00124
2013-03-26,0.00191
2013-03-27,-0.000131
2013-03-28,0.00119
2013-03-29,-0.000326
2013-03-30,0.00152
2013-03-31,-0.00178
2013-04-01,0.00286
2013-04-02,0.000774
2013-04-03,0.000537
2013-04-04,0.000157
2013-04-05,0.00159
2013-04-06,-0.000204
2013-04-07,-0.000128
2013-04-08,0.000636
2013-04-09,0.00101
2013-04-10,-0.00313
2013-04-11,-0.000762
2013-04-12,0.00143
2013-04-13,0.000324
2013-04-14,-0.00196
2013-04-15,-2.11E-05
2013-04-16,-0.00242
2013-04-17,-0.000323
2013-04-18,-0.000208
2013-04-19,-0.00244
2013-04-20,0.003
2013-04-21,4.4E-06
2013-04-22,0.00061
2013-04-23,6.28E-05
2013-04-24,-0.00166
2013-04-25,-0.0018
2013-04-26,-0.00127
2013-04-27,-0.000794
2013-04-28,0.000792
2013-04-29,0.00153
2013-04-30,0.00119
2013-05-01,-0.000635
2013-05-02,-0.00518
2013-05-03,0.0029
2013-05-04,-0.000553
2013-05-05,0.00216
2013-05-06,0.00228
2013-05-07,-0.000126
2013-05-08,0.00014
2013-05-09,-0.0022
2013-05-10,9.83E-05
2013-05-11,0.00128
2013-05-12,-0.000653
2013-05-13,0.000189
2013-05-14,0.00119
2013-05-15,-0.000257
2013-05-16,0.00139
2013-05-18,0.00371
2013-05-19,-0.000411
2013-05-20,-0.00194
2013-05-21,-0.000773
2013-05-22,0.000424
2013-05-23,-0.00143
2013-05-24,-0.0055
2013-05-25,0.00141
2013-05-26,0.00113
2013-05-27,-0.00187
2013-05-28,-0.000618
2013-05-29,-0.00258
2013-05-30,-0.00187
2013-05-31,0.000164
2013-06-01,-0.000365
2013-06-02,-0.00143
2013-06-03,-0.00131
2013-06-04,-0.00213
2013-06-05,7.48E-05
2013-06-06,-0.000816
2013-06-07,-0.00084
2013-06-08,0.00125
2013-06-09,-0.00147
2013-06-10,-0.00394
2013-06-11,0.000585
2013-06-12,0.00415
2013-06-13,0.00654
2013-06-14,0.0043
2013-06-15,0.00606
2013-06-16,0.00306
2013-06-17,0.00265
2013-06-18,0.00415
2013-06-19,0.00622
2013-06-20,0.00263
2013-06-21,0.00238
2013-06-22,0.00171
2013-06-23,0.00332
2013-06-24,0.00192
2013-06-25,0.00159
2013-06-26,0.00265
2013-06-27,0.000566
2013-06-28,0.00117
2013-06-29,-0.00119
2013-06-30,0.00233
2013-07-01,0.0041
2013-07-02,0.00149
2013-07-03,0.000794
2013-07-04,0.000377
2013-07-05,0.00503
2013-07-06,0.00425
2013-07-07,0.00198
2013-07-08,0.00198
2013-07-09,0.00173
2013-07-10,0.00205
2013-07-11,0.00207
2013-07-12,0.00274
2013-07-13,-0.000385
2013-07-14,0.000992
2013-07-15,0.000852
2013-07-16,0.00187
2013-07-17,0.00228
2013-07-18,0.00212
2013-07-19,0.000668
2013-07-20,-0.000151
2013-07-21,0.00373
2013-07-22,-0.000406
2013-07-23,0.00022
2013-07-24,0.00205
2013-07-25,0.00166
2013-07-26,0.000192
2013-07-27,0.000977
2013-07-28,0.000632
2013-07-29,0.00419
2013-07-30,0.00156
2013-07-31,0.000489
2013-08-01,-0.0013
2013-08-02,0.00051
2013-08-03,0.00219
2013-08-04,-0.00113
2013-08-05,-0.00171
2013-08-06,-0.000678
2013-08-07,-0.000242
2013-08-08,-0.00113
2013-08-09,0.000703
2013-08-10,0.000516
2013-08-11,-0.000572
2013-08-12,0.00197
2013-08-13,-0.00156
2013-08-14,0.000101
2013-08-15,6.59E-05
2013-08-16,0.000685
2013-08-17,0.000828
2013-08-18,-0.000251
2013-08-19,0.000624
2013-08-20,6.72E-05
2013-08-21,0.0026
2013-08-22,-0.0016
2013-08-23,0.000678
2013-08-24,-6.71E-06
2013-08-25,-0.000899
2013-08-27,-0.000377
2013-08-28,0.00281
2013-08-29,-0.0013
2013-08-30,-0.00122
2013-08-31,-0.00146
2013-09-01,0.000575
2013-09-02,7.4E-06
2013-09-03,-0.0003
2013-09-04,-0.00161
2013-09-05,-0.00095
2013-09-06,0.000763
2013-09-07,0.000209
2013-09-08,8.92E-05
2013-09-09,5.4E-05
2013-09-10,0.000572
2013-09-11,0.00226
2013-09-12,0.00236
2013-09-13,-0.000514
2013-09-14,0.00143
2013-09-15,0.000542
2013-09-16,0.000361
2013-09-17,0.000538
2013-09-18,0.00122
2013-09-19,-0.000324
2013-09-20,0.00071
2013-09-21,-0.00015
2013-09-22,-0.00116
2013-09-23,4.1E-05
2013-09-24,0.00131
2013-09-25,-0.00156
2013-09-26,-7.61E-05
2013-09-27,0.000993
2013-09-28,0.000723
2013-09-29,-0.00187
2013-09-30,-0.00119
2013-10-01,-0.0009
2013-10-02,-0.000365
2013-10-03,-0.00147
2013-10-04,-0.000109
2013-10-05,0.000458
2013-10-06,0.00187
2013-10-07,0.000333
2013-10-08,0.00107
2013-10-09,-0.00119
2013-10-10,-0.00126
2013-10-11,-0.00219
2013-10-12,-0.00134
2013-10-13,0.00236
2013-10-14,-0.00154
2013-10-15,0.00102
2013-10-16,-0.000162
2013-10-17,-0.0012
2013-10-18,0.00118
2013-10-19,0.00847
2013-10-20,0.00685
2013-10-21,0.00648
2013-10-22,0.0054
2013-10-23,0.00608
2013-10-24,0.00365
2013-10-25,0.00666
2013-10-26,0.00667
2013-10-27,0.00384
2013-10-28,0.00625
2013-10-29,0.00476
2013-10-30,0.00459
2013-10-31,0.00263
2013-11-01,0.00177
2013-11-02,0.00238
2013-11-03,0.00377
2013-11-04,0.00213
2013-11-05,0.00172
2013-11-06,0.00127
2013-11-07,0.000897
2013-11-08,0.00258
2013-11-09,0.0014
2013-11-10,-0.000255
2013-11-11,0.00133
2013-11-12,0.00148
2013-11-13,-0.00265
2013-11-14,0.00121
2013-11-15,-0.000104
2013-11-16,-0.000257
2013-11-17,-0.00677
2013-11-18,0.000931
2013-11-19,-0.00312
2013-11-20,-0.000886
2013-11-23,-0.000257
2013-11-24,-0.00304
2013-11-28,0.0139
2013-11-29,0.00667
2013-11-30,-0.00595
2013-12-01,-0.0204
2013-12-03,-0.00202
2013-12-04,-0.0331
2013-12-05,0.00688
2013-12-06,0.016
2013-12-07,0.0108
2013-12-24,0.00264
2013-12-25,0.00639
2013-12-26,0.0237
2013-12-27,0.0019
2013-12-28,0.0121
2013-12-29,0.00729
2013-12-30,0.0104
2014-01-01,0.00134
2014-01-02,0.00567
2014-01-03,0.0109
2014-01-04,0.00745
2014-01-05,0.00577
2014-01-06,0.000361
2014-01-07,0.011
2014-01-08,-0.0232
2014-01-09,0.00421
2014-01-10,0.00146
2014-01-11,-0.00097
2014-01-12,0.00268
2014-01-13,0.00135
2014-01-14,0.000559
2014-01-15,0.00145
2014-01-16,-0.00249
2014-01-17,-0.000502
2014-01-18,0.00436
2014-01-19,-0.00197
2014-01-20,0.000341
2014-01-21,0.00336
2014-01-22,0.00138
2014-01-23,0.00248
2014-01-24,0.0034
2014-01-25,-0.00258
2014-01-26,0.00064
2014-01-27,-0.00151
2014-01-28,0.00181
2014-01-29,-0.000965
2014-01-30,-0.00168
2014-01-31,-0.00144
2014-02-01,-0.00189
2014-02-02,-0.00172
2014-02-03,-0.00227
2014-02-04,0.00074
2014-02-05,-0.00259
2014-02-06,-0.00148
2014-02-07,0.000376
2014-02-08,0.00231
2014-02-09,0.000598
2014-02-10,-0.00047
2014-02-11,-0.000165
2014-02-12,7.83E-05
2014-02-13,0.00108
2014-02-14,-0.000632
2014-02-15,0.000304
2014-02-16,-0.00175
2014-02-17,-5.15E-05
2014-02-18,0.00102
2014-02-19,-0.000828
2014-02-20,0.00111
2014-02-21,0.000102
2014-02-22,4.49E-05
2014-02-23,-0.00231
2014-02-24,-0.00253
2014-02-25,-0.00189
2014-02-26,0.00031
2014-02-27,-0.00169
2014-02-28,0.00141
2014-03-01,-0.000217
2014-03-02,0.000217
2014-03-03,-0.00118
2014-03-04,-4.57E-05
2014-03-05,-0.00048
2014-03-06,9.78E-05
2014-03-07,0.000864
2014-03-08,0.000968
2014-03-09,-0.00144
2014-03-10,-0.00138
2014-03-11,-0.000591
2014-03-12,-0.000621
2014-03-13,0.000648
2014-03-14,0.005
2014-03-15,0.00329
2014-03-16,0.00274
2014-03-17,0.00355
2014-03-18,0.00395
2014-03-19,0.00237
2014-03-20,0.00314
2014-03-21,0.000829
2014-03-22,0.00412
2014-03-23,0.0111
2014-03-24,0.00382
2014-03-25,0.00234
2014-03-26,-0.00117
2014-03-27,0.000924
2014-03-28,0.000952
2014-03-29,-0.000916
2014-03-30,-0.000292
2014-03-31,0.000731
2014-04-01,-3.71E-05
2014-04-02,-0.00147
2014-04-03,0.000864
2014-04-04,-0.000588
2014-04-05,-0.00139
2014-04-06,0.00387
2014-04-07,-0.00548
2014-04-08,0.000488
2014-04-09,-0.00083
2014-04-10,0.00127
2014-04-11,0.000161
2014-04-12,-0.000841
2014-04-13,-0.00149
2014-04-14,0.00181
2014-04-15,-0.0022
2014-04-16,-0.00129
2014-04-17,-0.000248
2014-04-18,0.00259
2014-04-19,-0.00282
2014-04-20,0.0014
2014-04-21,0.00133
2014-04-22,-0.00055
2014-04-23,-0.00137
2014-04-24,-0.000681
2014-04-25,-0.000501
2014-04-26,9.44E-05
2014-04-27,-0.000132
2014-04-28,-0.00188
2014-04-29,-0.00103
2014-04-30,-0.00166
2014-05-01,-0.00146
2014-05-02,0.000407
2014-05-03,0.00165
2014-05-04,0.000483
2014-05-05,-0.00079
2014-05-06,-0.000134
2014-05-07,-0.00331
2014-05-08,0.000664
2014-05-09,0.000591
2014-05-10,-0.00136
2014-05-11,-0.00103
2014-05-12,-0.00141
2014-05-13,-3.78E-05
2014-05-14,-0.00172
2014-05-15,2.24E-05
2014-05-16,0.00394
2014-05-17,0.000187
2014-05-18,0.00284
2014-05-19,0.000214
2014-05-20,0.0016
2014-05-21,-0.00411
2014-05-22,0.000913
2014-05-23,-0.00151
2014-05-24,0.000185
2014-05-25,0.000271
2014-05-26,0.00208
2014-05-27,0.000998
2014-05-28,-0.00118
2014-05-29,-0.000146
2014-05-30,0.00165
2014-05-31,-0.00105
2014-06-01,0.000307
2014-06-02,0.000477
2014-06-03,-0.0019
2014-06-04,0.000638
2014-06-05,-0.000213
2014-06-06,-0.00211
2014-06-07,0.00103
2014-06-08,-0.000777
2014-06-09,0.000307
2014-06-10,-0.00221
2014-06-11,-0.000614
2014-06-12,0.00202
2014-06-13,-0.00205
2014-06-14,-0.00595
2014-06-15,-9.42E-05
2014-06-16,-0.00239
2014-06-17,-5.43E-05
2014-06-18,0.00054
2014-06-19,-0.000343
2014-06-20,1.62E-05
2014-06-21,0.000101
2014-06-22,-0.00155
2014-06-23,0.00156
2014-06-24,7.47E-05
2014-06-25,0.00128
2014-06-26,-0.00223
2014-06-27,-0.00093
2014-06-28,-0.00118
2014-06-29,0.00159
2014-06-30,-0.000394
2014-07-01,0.00381
2014-07-02,0.000612
2014-07-03,-0.00115
2014-07-04,7.16E-05
2014-07-05,0.00265
2014-07-06,-0.00255
2014-07-07,0.00212
2014-07-08,0.000279
2014-07-09,0.00138
2014-07-10,0.000545
2014-07-11,0.000353
2014-07-12,0.000728
2014-07-13,-5.36E-05
2014-07-14,0.00338
2014-07-15,0.000182
2014-07-16,-0.000185
2014-07-17,-0.00127
2014-07-18,0.00565
2014-07-22,-0.000548
2014-07-23,0.00106
2014-07-24,-0.0017
2014-07-25,0.000607
2014-07-30,0.000232
2014-07-31,-0.00107
2014-08-01,-0.00105
2014-08-02,0.000644
2014-08-03,-0.00165
2014-08-04,1.16E-05
2014-08-05,-0.000254
2014-08-06,-0.000361
2014-08-07,-0.00102
2014-08-08,-2.54E-05
2014-08-09,0.0028
2014-08-10,-0.000226
2014-08-11,6.16E-05
2014-08-12,-0.000714
2014-08-13,0.000795
2014-08-14,-0.000339
2014-08-15,-0.000527
2014-08-16,0.00117
2014-08-17,-0.000215
2014-08-18,0.000569
2014-08-19,-0.00106
2014-08-20,-0.00073
2014-08-21,0.0017
2014-08-22,-0.000435
2014-08-23,-0.00103
2014-08-24,0.00182
2014-08-25,0.00679
2014-08-26,0.00432
2014-08-27,0.00358
2014-08-28,0.00578
2014-08-29,0.00264
2014-08-30,0.00199
2014-09-01,-0.000365
2014-09-02,0.00117
2014-09-03,0.00168
2014-09-04,0.00284
2014-09-05,0.00228
2014-09-06,0.003
2014-09-07,0.00179
2014-09-08,0.00217
2014-09-09,0.00346
2014-09-10,0.000918
2014-09-11,-0.000334
2014-09-12,0.00246
2014-09-13,0.00101
2014-09-14,0.000152
2014-09-15,0.000609
2014-09-16,0.000238
2014-09-17,-0.00191
2014-09-18,-0.00165
2014-09-19,0.000965
2014-09-20,-0.000671
2014-09-21,-0.00117
2014-09-22,0.0012
2014-09-23,-0.0008
2014-09-24,0.00157
2014-09-25,-0.000388
2014-09-26,0.000947
2014-09-27,-0.000457
2014-09-28,0.000974
2014-09-29,-0.000467
2014-09-30,0.00741
2014-10-01,-0.00413
2014-10-02,0.000526
2014-10-03,-0.00458
2014-10-04,-0.00309
2014-10-05,-0.00561
2014-10-06,-0.00232
2014-10-07,-0.000344
2014-10-08,0.00293
2014-10-09,0.000269
2014-10-10,0.000606
2014-10-11,-0.00148
2014-10-12,-0.00183
2014-10-13,0.00159
2014-10-14,-0.00166
2014-10-15,-0.00185
2014-10-16,-0.00314
2014-10-17,-0.00067
2014-10-18,-0.00222
2014-10-19,0.00126
2014-10-20,-0.00121
2014-10-21,0.000704
2014-10-22,-0.00525
2014-10-23,0.000321
2014-10-24,-0.00264
2014-10-25,8.02E-05
2014-10-26,-0.00064
2014-10-27,0.000871
2014-10-28,-0.00278
2014-10-29,-0.00236
2014-10-30,-0.000607
2014-10-31,-0.00183
2014-11-01,-0.000395
2014-11-02,0.000191
2014-11-03,-0.00168
2014-11-04,0.00134
2014-11-05,-0.00145
2014-11-06,0.00108
2014-11-07,-0.00242
2014-11-08,0.00463
2014-11-09,0.00142
2014-11-10,0.00102
2014-11-11,-0.0013
2014-11-12,-0.002
2014-11-13,0.000225
2014-11-14,0.00554
2014-11-15,0.00162
2014-11-16,0.000899
2014-11-17,0.00129
2014-11-18,0.00213
2014-11-19,0.002
2014-11-20,-0.000663
2014-11-21,0.00527
2014-11-22,-0.000526
2014-11-23,0.00357
2014-11-24,-0.00395
2014-11-26,0.00203
2014-11-27,0.00593
2014-11-28,0.000573
2014-11-29,0.0121
2014-11-30,0.00297
2014-12-02,0.00643
2014-12-03,0.00674
2014-12-04,0.01
2014-12-05,-0.00768
2014-12-08,0.00385
2014-12-23,-0.00134
2014-12-24,0.0127
2014-12-25,0.0108
2014-12-26,0.0146
2014-12-27,-0.0339
2014-12-28,-0.00152
2014-12-29,0.00336
2014-12-30,-0.00646
2015-01-01,0.000664
2015-01-02,0.0112
2015-01-03,-0.00136
2015-01-04,-0.00362
2015-01-05,0.0053
2015-01-06,-0.00069
2015-01-07,-0.00695
2015-01-08,-0.00163
2015-01-09,-0.00117
2015-01-10,0.000621
2015-01-11,0.000127
2015-01-12,-0.00294
2015-01-13,0.00124
2015-01-14,-0.00275
2015-01-15,7.87E-05
2015-01-16,-0.00579
2015-01-17,0.011
2015-01-18,0.00131
2015-01-19,-0.00159
2015-01-20,-0.00135
2015-01-21,0.000461
2015-01-22,0.0046
2015-01-23,-0.000868
2015-01-25,-0.000873
2015-01-26,-0.00181
2015-01-27,0.000481
2015-01-28,0.00331
2015-01-29,0.00365
2015-01-30,0.00365
2015-01-31,0.00474
2015-02-01,0.00243
2015-02-02,0.00337
2015-02-03,-0.000172
2015-02-04,0.0023
2015-02-05,-0.0002
2015-02-06,0.00155
2015-02-07,0.00445
2015-02-08,0.00288
2015-02-09,0.00348
2015-02-10,-0.000252
2015-02-11,-0.000466
2015-02-12,-0.000784
2015-02-13,0.00255
2015-02-14,0.00369
2015-02-15,0.00143
2015-02-16,0.00177
2015-02-17,0.00194
2015-02-18,1.61E-05
2015-02-19,-0.000588
2015-02-20,0.00187
2015-02-21,0.00245
2015-02-22,0.00131
2015-02-23,-0.00181
2015-02-24,0.000738
2015-02-25,0.00317
2015-02-26,0.000392
2015-02-27,0.00245
2015-02-28,0.00487
2015-03-01,-0.000112
2015-03-02,0.00194
2015-03-03,0.00382
2015-03-04,0.00205
2015-03-05,0.00142
2015-03-06,0.000796
2015-03-07,-0.000371
2015-03-08,0.00291
2015-03-09,0.00171
2015-03-10,0.00213
2015-03-11,0.002
2015-03-12,-8.53E-05
2015-03-13,0.000731
2015-03-14,0.001
2015-03-15,0.00166
2015-03-16,0.00188
2015-03-17,0.000998
2015-03-18,-0.000575
2015-03-19,0.000892
2015-03-20,0.000471
2015-03-21,0.000666
2015-03-22,0.000748
2015-03-23,-0.00054
2015-03-24,-0.00146
2015-03-25,0.000607
2015-03-26,-0.000314
2015-03-27,-0.000321
2015-03-28,-0.000879
2015-03-29,-0.000185
2015-03-30,-0.000159
2015-03-31,-0.00216
2015-04-01,0.00156
2015-04-02,-0.000764
2015-04-03,-0.000549
2015-04-04,0.0022
2015-04-05,-0.000916
2015-04-06,0.00063
2015-04-07,-0.00201
2015-04-08,-0.000503
2015-04-09,0.0027
2015-04-10,-0.000175
2015-04-11,-0.00048
2015-04-12,0.000446
2015-04-13,-0.000388
2015-04-14,-0.000143
2015-04-15,0.00231
2015-04-16,0.00193
2015-04-17,-0.00242
2015-04-18,0.000254
2015-04-19,0.00153
2015-04-20,0.00121
2015-04-21,-0.00103
2015-04-22,-0.00044
2015-04-23,-0.000204
2015-04-24,-0.00119
2015-04-25,-0.000632
2015-04-26,-0.000249
2015-04-27,0.000359
2015-04-28,-0.00113
2015-04-29,-0.00106
2015-04-30,-0.000403
2015-05-01,0.00124
2015-05-02,0.000502
2015-05-03,-0.000408
2015-05-04,-0.00133
2015-05-05,0.00121
2015-05-06,-0.00197
2015-05-07,-0.000515
2015-05-08,-0.00129
2015-05-09,0.00068
2015-05-10,-0.000689
2015-05-11,0.00306
2015-05-12,0.000993
2015-05-13,0.000963
2015-05-14,0.000366
2015-05-15,-0.000465
2015-05-16,0.0029
2015-05-17,-0.00054
2015-05-18,0.00206
2015-05-19,0.00148
2015-05-20,0.006
2015-05-21,0.00817
2015-05-22,0.00537
2015-05-23,0.00776
2015-05-24,0.00721
2015-05-25,0.00549
2015-05-26,0.00593
2015-05-27,0.0027
2015-05-28,0.0014
2015-05-29,0.00611
2015-05-30,0.0031
2015-05-31,0.000847
2015-06-01,0.0026
2015-06-02,0.00233
2015-06-03,0.00263
2015-06-04,0.00257
2015-06-05,0.00471
2015-06-06,0.00113
2015-06-07,0.00201
2015-06-08,0.000448
2015-06-09,-0.00117
2015-06-10,0.00112
2015-06-11,-0.000754
2015-06-12,0.000825
2015-06-13,0.00139
2015-06-14,0.000798
2015-06-15,0.00258
2015-06-16,0.000974
2015-06-17,0.000868
2015-06-18,0.00364
2015-06-19,0.000585
2015-06-20,0.00129
2015-06-21,0.00278
2015-06-22,0.000202
2015-06-23,0.000141
2015-06-24,-0.000458
2015-06-25,0.00162
2015-06-26,0.00164
2015-06-27,-0.000555
2015-06-28,0.000884
2015-06-29,0.000403
2015-06-30,-0.0021
2015-07-01,0.000655
2015-07-02,0.000234
2015-07-03,0.00321
2015-07-04,0.000383
2015-07-05,0.00211
2015-07-06,0.000507
2015-07-07,0.00422
2015-07-08,0.00216
2015-07-09,0.0018
2015-07-10,0.00167
2015-07-11,0.000485
2015-07-12,0.00128
2015-07-13,-0.000282
2015-07-14,0.00095
2015-07-15,0.00205
2015-07-16,-0.000444
2015-07-17,-0.00127
2015-07-18,-5.42E-05
2015-07-19,-0.000692
2015-07-20,0.000974
2015-07-21,-0.000479
2015-07-22,-0.00123
2015-07-23,0.000204
2015-07-24,0.00187
2015-07-25,0.000588
2015-07-26,-0.000178
2015-07-27,-0.00196
2015-07-29,0.000707
2015-07-30,-7.74E-05
2015-07-31,-0.00133
2015-08-01,-0.000433
2015-08-02,0.00172
2015-08-03,6.95E-05
2015-08-04,-0.00029
2015-08-05,8.54E-05
2015-08-06,-0.000563
2015-08-07,-0.00042
2015-08-08,3.91E-06
2015-08-09,0.000482
2015-08-10,8.79E-05
2015-08-11,-0.000662
2015-08-12,-0.000195
2015-08-13,0.000421
2015-08-14,0.000493
2015-08-15,-0.000434
2015-08-16,0.0005
2015-08-17,-0.00229
2015-08-18,-0.00115
2015-08-19,-0.000624
2015-08-20,0.000573
2015-08-21,0.000644
2015-08-22,0.000788
2015-08-23,0.00147
2015-08-24,0.00172
2015-08-25,0.000282
2015-08-26,-0.00174
2015-08-27,0.00323
2015-08-28,-0.000475
2015-08-29,-0.000616
2015-08-30,-6.78E-05
2015-08-31,0.000321
2015-09-01,-0.00163
2015-09-02,-0.000118
2015-09-03,0.000348
2015-09-04,-0.000819
2015-09-05,0.00087
2015-09-06,0.000109
2015-09-07,-0.00215
2015-09-08,-0.000222
2015-09-09,0.000505
2015-09-10,-0.00168
2015-09-11,-0.00215
2015-09-12,0.000666
2015-09-13,0.000365
2015-09-14,-0.000757
2015-09-15,0.00195
2015-09-16,0.000937
2015-09-17,-0.000669
2015-09-18,-1.7E-05
2015-09-19,-0.000408
2015-09-20,0.00137
2015-09-21,0.00138
2015-09-22,-8.16E-05
2015-09-23,-0.000344
2015-09-24,0.000858
2015-09-25,-0.000541
2015-09-26,-0.000126
2015-09-27,0.00104
2015-09-28,-0.000748
2015-09-29,0.000737
2015-09-30,0.000835
2015-10-01,0.0042
2015-10-02,0.00397
2015-10-03,0.00131
2015-10-04,0.00214
2015-10-05,0.00311
2015-10-06,0.00377
2015-10-07,0.00143
2015-10-08,0.00227
2015-10-09,0.00448
2015-10-10,0.00252
2015-10-11,0.00166
2015-10-12,0.00272
2015-10-13,0.00258
2015-10-14,0.00238
2015-10-15,0.0035
2015-10-16,0.00555
2015-10-17,0.00155
2015-10-18,0.00182
2015-10-19,0.0013
2015-10-20,0.00835
2015-10-21,0.0023
2015-10-22,0.00176
2015-10-23,0.000735
2015-10-24,0.000389
2015-10-25,0.00188
2015-10-26,-0.000696
2015-10-27,0.00639
2015-10-28,0.00161
2015-10-29,0.00129
2015-10-30,0.000374
2015-10-31,0.00112
2015-11-06,-4.22E-05
2015-11-07,0.00121
2015-11-08,-0.000642
2015-11-09,-0.000978
2015-11-10,-0.000181
2015-11-11,-0.00104
2015-11-12,0.00151
2015-11-13,-0.00207
2015-11-14,-0.00212
2015-11-15,-0.00222
2015-11-17,-3.01E-05
2015-11-18,0.000487
2015-11-19,0.000617
2015-11-20,0.00691
2015-11-21,0.0108
2015-11-22,0.0111
2015-11-23,0.00191
2015-11-24,0.00165
2015-11-26,-0.0018
2015-11-27,-0.000322
2015-11-28,-0.000592
2015-11-29,-0.00256
2015-11-30,-0.00368
2015-12-01,-0.00655
2015-12-13,-0.012
2015-12-14,0.00151
2015-12-21,0.00711
2015-12-23,-0.0219
2015-12-24,0.00932
2015-12-25,-0.0305
2015-12-27,0.0023
2015-12-28,-0.00219
2015-12-29,-0.00019
2015-12-30,0.00174
2015-12-31,0.00559
2016-01-01,-0.01
2016-01-02,0.00347
2016-01-03,-0.00733
2016-01-04,-0.00207
2016-01-05,0.000864
2016-01-06,0.00208
2016-01-07,0.00146
2016-01-08,-0.00606
2016-01-09,0.00132
2016-01-10,0.00212
2016-01-11,0.00498
2016-01-12,-0.00177
2016-01-13,0.000232
2016-01-14,0.00391
2016-01-15,-0.0114
2016-01-16,0.00033
2016-01-17,0.00356
2016-01-18,-0.000777
2016-01-19,0.00368
2016-01-20,0.00157
2016-01-21,0.0023
2016-01-22,-0.000727
2016-01-23,0.00278
2016-01-24,0.00145
2016-01-25,0.00386
2016-01-26,0.00222
2016-01-27,0.00175
2016-01-28,0.00114
2016-01-29,0.000685
2016-01-30,0.00054
2016-01-31,0.00153
2016-02-01,0.000975
2016-02-02,0.00592
2016-02-03,0.00589
2016-02-04,0.00594
2016-02-05,0.00456
2016-02-06,0.00558
2016-02-07,0.00292
2016-02-08,0.00615
2016-02-09,0.00935
2016-02-10,0.00797
2016-02-11,0.00724
2016-02-12,0.00431
2016-02-13,0.00501
2016-02-14,0.00534
2016-02-15,0.00302
2016-02-16,0.00543
2016-02-17,0.00624
2016-02-18,0.00627
2016-02-19,0.00316
2016-02-20,0.00365
2016-02-21,0.00281
2016-02-22,0.00289
2016-02-23,0.00362
2016-02-24,0.00445
2016-02-25,0.00454
2016-02-26,0.00324
2016-02-27,0.00332
2016-02-28,0.00169
2016-02-29,0.000521
2016-03-01,0.00295
2016-03-02,-0.00198
2016-03-03,0.0011
2016-03-04,0.00207
2016-03-05,0.000328
2016-03-06,0.000288
2016-03-07,-0.00129
2016-03-08,1.69E-05
2016-03-09,-0.00125
2016-03-10,-0.000228
2016-03-11,0.00082
2016-03-12,0.000321
2016-03-13,0.00154
2016-03-14,-0.000742
2016-03-15,0.000698
2016-03-16,-0.00101
2016-03-17,-0.00129
2016-03-18,-0.000455
2016-03-19,0.000199
2016-03-20,0.000107
2016-03-21,-0.000134
2016-03-22,-0.00184
2016-03-23,-0.000621
2016-03-24,0.000841
2016-03-25,0.00119
2016-03-26,-0.00051
2016-03-27,8.59E-05
2016-03-28,-0.00113
2016-03-29,-0.00176
2016-03-30,-0.000656
2016-03-31,0.00204
2016-04-01,-0.000396
2016-04-02,-0.000714
2016-04-03,-0.000838
2016-04-04,0.000395
2016-04-05,-0.000472
2016-04-06,0.000261
2016-04-07,0.000133
2016-04-08,0.000453
2016-04-09,0.000489
2016-04-10,-0.00282
2016-04-11,1.13E-06
2016-04-12,0.00112
2016-04-13,-0.000575
2016-04-14,0.00131
2016-04-15,-7.51E-05
2016-04-16,-0.00015
2016-04-17,-0.00294
2016-04-18,0.000111
2016-04-19,0.00135
2016-04-20,5.36E-05
2016-04-21,-0.00147
2016-04-22,0.000618
2016-04-23,0.00125
2016-04-24,-0.00284
2016-04-25,-0.00242
2016-04-26,-0.00149
2016-04-27,-0.000287
2016-04-28,0.00144
2016-04-29,2.24E-06
2016-04-30,-0.000888
2016-05-01,-0.000526
2016-05-02,-0.00031
2016-05-03,0.00112
2016-05-04,-0.000848
2016-05-05,-0.00146
2016-05-06,-0.000581
2016-05-07,0.000713
2016-05-08,-0.000306
2016-05-09,0.0027
2016-05-10,0.00116
2016-05-11,0.000216
2016-05-12,-0.000117
2016-05-13,-0.00138
2016-05-14,0.00116
2016-05-15,-0.00196
2016-05-16,-0.00214
2016-05-17,0.00191
2016-05-18,0.00142
2016-05-19,0.000906
2016-05-20,0.00155
2016-05-21,0.00202
2016-05-22,-9.71E-05
2016-05-23,0.0032
2016-05-24,-0.00169
2016-05-25,-0.000192
2016-05-26,8.01E-05
2016-05-27,0.000255
2016-05-28,-0.000251
2016-05-29,0.00121
2016-05-30,-0.00172
2016-05-31,0.00153
2016-06-01,-0.00602
2016-06-02,0.0013
2016-06-03,0.000627
2016-06-04,-0.000351
2016-06-05,-0.000541
2016-06-06,-0.00171
2016-06-07,0.00015
2016-06-08,0.000118
2016-06-09,0.000453
2016-06-10,0.000302
2016-06-11,0.000691
2016-06-12,-0.000544
2016-06-13,-9.94E-05
2016-06-14,0.000572
2016-06-15,-0.00225
2016-06-16,0.00134
2016-06-19,0.00471
2016-06-20,0.00518
2016-06-21,0.00702
2016-06-22,0.00629
2016-06-23,0.00484
2016-06-25,0.00556
2016-06-26,0.00276
2016-06-27,-0.000185
2016-06-28,0.000496
2016-06-29,0.000449
2016-06-30,-0.00405
2016-07-01,0.000257
2016-07-02,0.00266
2016-07-03,0.00174
2016-07-04,0.00193
2016-07-05,0.00333
2016-07-06,0.00188
2016-07-07,-0.00039
2016-07-08,0.000424
2016-07-09,0.00204
2016-07-10,-0.00039
2016-07-11,-0.000623
2016-07-12,-0.000978
2016-07-13,0.000316
2016-07-14,0.000259
2016-07-15,0.00271
2016-07-16,0.00321
2016-07-17,-0.00143
2016-07-18,-0.000977
2016-07-19,0.00345
2016-07-20,0.000685
2016-07-21,0.00503
2016-07-22,0.00074
2016-07-23,0.000365
2016-07-24,-0.000675
2016-07-25,0.0014
2016-07-26,0.00101
2016-07-27,-0.000393
2016-07-28,0.00084
2016-07-29,0.00132
2016-07-30,-0.00305
2016-07-31,0.00284
2016-08-01,-0.00103
2016-08-02,0.000432
2016-08-03,0.000891
2016-08-04,-0.0013
2016-08-05,0.00289
2016-08-06,0.0017
2016-08-07,-0.000729
2016-08-08,-0.000434
2016-08-09,-0.000785
2016-08-10,0.000783
2016-08-11,0.000838
2016-08-12,0.000753
2016-08-13,0.000855
2016-08-14,0.000894
2016-08-15,0.00297
2016-08-16,-0.000817
2016-08-17,0.000321
2016-08-18,0.00103
2016-08-19,0.0008
2016-08-20,0.00303
2016-08-21,0.000833
2016-08-22,0.000344
2016-08-23,0.00146
2016-08-24,0.000863
2016-08-25,0.000307
2016-08-26,0.00267
2016-08-27,0.00136
2016-08-28,0.000515
2016-08-29,0.000589
2016-08-30,0.00194
2016-08-31,0.00259
2016-09-01,-0.000322
2016-09-02,0.00145
2016-09-03,-0.00118
2016-09-04,0.00333
2016-09-05,0.00182
2016-09-06,0.000762
2016-09-07,-0.000967
2016-09-08,0.00675
2016-09-09,0.00439
2016-09-10,0.00189
2016-09-11,-0.000761
2016-09-12,0.00309
2016-09-13,-0.000123
2016-09-14,0.000884
2016-09-15,0.00125
2016-09-16,-0.000649
2016-09-17,0.000922
2016-09-18,0.00148
2016-09-19,0.000253
2016-09-20,0.000105
2016-09-21,-0.00142
2016-09-22,0.000427
2016-09-23,-0.00133
2016-09-24,-0.00236
2016-09-25,0.00128
2016-09-26,0.00155
2016-09-27,1.44E-05
2016-09-28,0.000657
2016-09-29,-0.000695
2016-09-30,0.0019
2016-10-01,0.00117
2016-10-02,-0.00147
2016-10-03,0.00083
2016-10-04,0.000959
2016-10-05,0.000386
2016-10-06,-4.51E-05
2016-10-07,0.000818
2016-10-08,0.000285
2016-10-09,-0.00107
2016-10-10,0.000356
2016-10-11,0.00134
2016-10-12,0.000573
2016-10-13,7.35E-05
2016-10-14,-0.000709
2016-10-15,-0.000612
2016-10-16,0.00115
2016-10-17,0.000214
2016-10-18,0.00156
2016-10-19,0.000759
2016-10-20,-0.00103
2016-10-21,-0.000737
2016-10-22,-0.00148
2016-10-23,-0.000195
2016-10-24,-0.00074
2016-10-25,-0.000835
2016-10-26,0.00103
2016-10-27,0.000589
2016-10-28,0.00185
2016-10-29,-0.00239
2016-10-30,-0.000502
2016-10-31,-3.07E-05
2016-11-01,-0.00014
2016-11-02,0.00195
2016-11-03,-0.00279
2016-11-04,-0.00211
2016-11-05,-0.00169
2016-11-06,0.000296
2016-11-07,-0.000617
2016-11-08,0.000797
2016-11-09,0.000474
2016-11-10,0.00123
2016-11-11,0.0025
2016-11-12,0.00214
2016-11-13,0.0046
2016-11-14,-0.00652
2016-11-15,-0.000655
2016-11-16,0.000978
2016-11-17,0.00301
2016-11-18,0.00725
2016-11-19,-0.00672
2016-11-20,0.00192
2016-11-21,-0.0014
2016-11-23,-0.00182
2016-11-25,-0.006
2016-11-30,-0.00602
2016-12-01,-0.00333
2016-12-04,-0.0121
2016-12-05,0.0092
2016-12-06,0.0201
2016-12-07,-0.0182
2016-12-08,0.0205
2016-12-09,0.0139
2016-12-10,0.00259
2016-12-11,-0.0115
2016-12-13,0.00253
2016-12-24,-0.0123
2016-12-25,-0.0242
2016-12-26,0.0217
2016-12-27,-0.00391
2016-12-28,-0.0264
2017-01-01,-0.0129
2017-01-02,0.00285
2017-01-03,-0.00648
2017-01-04,-0.000101
2017-01-05,-0.0561
2017-01-07,0.00196
2017-01-09,-0.00325
2017-01-10,0.00606
2017-01-11,0.000718
2017-01-12,-0.00171
2017-01-13,0.000729
2017-01-14,0.000547
2017-01-15,-0.00252
2017-01-16,-0.00355
2017-01-17,-0.0033
2017-01-18,-0.000835
2017-01-19,0.00166
2017-01-20,0.00592
2017-01-21,-0.00144
2017-01-22,-0.000752
2017-01-23,0.0027
2017-01-24,-0.00251
2017-01-25,-0.00172
2017-01-26,0.000904
2017-01-27,0.000588
2017-01-28,-0.00201
2017-01-29,0.000261
2017-01-30,0.00167
2017-01-31,0.00178
2017-02-01,-0.00177
2017-02-02,0.000708
2017-02-03,-0.0021
2017-02-06,0.00046
2017-02-07,0.00364
2017-02-08,0.00219
2017-02-09,-0.00225
2017-02-10,0.00244
2017-02-11,-0.00026
2017-02-12,-0.00208
2017-02-13,-1.96E-05
2017-02-14,0.000921
2017-02-15,0.000238
2017-02-16,0.000211
2017-02-17,-0.000557
2017-02-18,0.00128
2017-02-19,-0.000325
2017-02-20,-0.000744
2017-02-21,-0.00165
2017-02-22,-0.00157
2017-02-23,-0.000557
2017-02-24,0.002
2017-02-25,-0.000432
2017-02-26,0.00225
2017-02-27,0.00128
2017-02-28,-0.000266
2017-03-01,-0.00318
2017-03-02,-0.00112
2017-03-03,-0.00342
2017-03-04,0.00878
2017-03-05,0.0014
2017-03-06,0.00179
2017-03-07,-0.000938
2017-03-08,0.00195
2017-03-09,-0.000845
2017-03-10,0.00176
2017-03-11,-0.00129
2017-03-12,-0.00118
2017-03-13,0.00284
2017-03-14,0.00495
2017-03-15,-0.00165
2017-03-16,0.00549
2017-03-17,0.00946
2017-03-18,0.00339
2017-03-19,0.00129
2017-03-20,0.00561
2017-03-21,0.00219
2017-03-22,0.000406
2017-03-23,0.00149
2017-03-24,0.000749
2017-03-25,0.00179
2017-03-26,0.0022
2017-03-27,-0.00154
2017-03-28,0.00403
2017-03-29,0.00444
2017-03-30,0.000413
2017-03-31,0.00198
2017-04-01,0.00148
2017-04-02,0.00362
2017-04-03,0.00246
2017-04-04,0.00178
2017-04-05,0.00134
2017-04-06,0.000344
2017-04-07,-0.000222
2017-04-08,0.000244
2017-04-09,-0.000856
2017-04-10,-0.000516
2017-04-11,0.00276
2017-04-12,0.000868
2017-04-13,0.000256
2017-04-14,-0.000465
2017-04-15,-0.00144
2017-04-16,-0.000822
2017-04-17,0.00223
2017-04-18,4.32E-05
2017-04-19,-0.000239
2017-04-20,7.89E-05
2017-04-21,0.000384
2017-04-22,-0.00153
2017-04-23,0.00142
2017-04-24,-0.000109
2017-04-25,0.000715
2017-04-26,0.00175
2017-04-27,0.00233
2017-04-28,0.0023
2017-04-29,0.00113
2017-04-30,0.00493
2017-05-01,0.00329
2017-05-02,0.00222
2017-05-03,0.00196
2017-05-04,0.000599
2017-05-05,0.000517
2017-05-06,0.00103
2017-05-07,0.000491
2017-05-08,0.00159
2017-05-09,0.0017
2017-05-10,0.000182
2017-05-11,0.000909
2017-05-12,0.00104
2017-05-13,-0.000174
2017-05-14,0.000966
2017-05-15,0.00243
2017-05-16,0.00165
2017-05-17,0.0014
2017-05-18,-0.00301
2017-05-19,0.0011
2017-05-20,0.00089
2017-05-21,0.000435
2017-05-22,0.000585
2017-05-23,0.00318
2017-05-24,-0.000187
2017-05-25,0.00178
2017-05-26,0.00232
2017-05-27,-0.00181
2017-05-28,-5.53E-05
2017-05-29,-0.000439
2017-05-30,0.00083
2017-05-31,0.00137
2017-06-01,-3.57E-05
2017-06-02,0.000436
2017-06-03,-0.000401
2017-06-04,0.000374
2017-06-05,0.00114
2017-06-06,0.00016
2017-06-07,0.000191
2017-06-08,-0.000427
2017-06-09,0.00314
2017-06-10,-0.000268
2017-06-11,-0.00202
2017-06-12,0.000766
2017-06-13,0.000103
2017-06-14,0.000656
2017-06-15,-0.00114
2017-06-16,0.00133
2017-06-17,0.00243
2017-06-18,-0.00189
2017-06-19,0.000114
2017-06-20,-0.00102
2017-06-21,-0.00268
2017-06-22,-0.00127
2017-06-23,-0.00046
2017-06-24,-0.000713
2017-06-25,-0.00148
2017-06-26,-0.00162
2017-06-27,-0.000638
2017-06-28,0.00223
2017-06-29,0.000702
2017-06-30,-0.000589
2017-07-01,0.00023
2017-07-02,0.000399
2017-07-03,-0.00111
2017-07-04,-0.00011
2017-07-05,-0.00238
2017-07-06,-0.000444
2017-07-07,-0.00156
2017-07-08,-0.000303
2017-07-09,0.000116
2017-07-10,0.00121
2017-07-11,-0.00107
2017-07-12,-0.00157
2017-07-13,0.000895
2017-07-14,-0.000744
2017-07-15,3.17E-05
2017-07-16,0.00116
2017-07-17,8.76E-05
2017-07-18,0.00225
2017-07-19,-0.000347
2017-07-20,0.000966
2017-07-21,-0.000269
2017-07-22,0.000673
2017-07-23,-8.65E-05
2017-07-24,5.35E-05
2017-07-25,0.000926
2017-07-26,0.000417
2017-07-27,0.000531
2017-07-28,-0.00135
2017-07-29,0.000647
2017-07-30,6.69E-05
2017-07-31,0.00146
2017-08-01,0.00312
2017-08-02,0.00546
2017-08-03,0.00552
2017-08-04,0.00344
2017-08-05,0.00635
2017-08-06,0.00197
2017-08-07,0.00234
2017-08-08,0.00143
2017-08-09,0.00325
2017-08-10,0.00262
2017-08-11,0.00548
2017-08-12,0.00522
2017-08-13,0.00675
2017-08-14,0.00618
2017-08-15,0.00617
2017-08-16,0.00816
2017-08-17,0.00771
2017-08-18,-0.00692
2017-08-19,0.0116
2017-08-20,0.00819
2017-08-21,0.00461
2017-08-22,0.00263
2017-08-23,0.00249
2017-08-24,0.00245
2017-08-25,0.00151
2017-08-26,0.000769
2017-08-27,0.00155
2017-08-28,0.00034
2017-08-29,0.00163
2017-08-30,0.00256
2017-08-31,0.00168
2017-09-02,0.000986
2017-09-03,0.00159
2017-09-04,0.000645
2017-09-05,0.00109
2017-09-06,-0.000495
2017-09-07,0.000501
2017-09-08,-0.00424
2017-09-09,0.000617
2017-09-10,0.00211
2017-09-11,0.00107
2017-09-12,-0.0025
2017-09-13,-0.000669
2017-09-14,-3.58E-05
2017-09-15,0.000172
2017-09-16,0.00112
2017-09-17,-0.00194
2017-09-18,0.00158
2017-09-19,-1.93E-05
2017-09-20,0.003
2017-09-21,0.00178
2017-09-22,0.000513
2017-09-23,-0.000108
2017-09-24,-0.00254
2017-09-25,-0.000271
2017-09-26,0.000475
2017-09-27,-0.00316
2017-09-28,-0.000653
2017-09-29,0.000807
2017-09-30,-0.00104
2017-10-01,0.000519
2017-10-02,-0.00136
2017-10-03,0.0011
2017-10-04,-9.76E-05
2017-10-05,0.000518
2017-10-06,-0.000523
2017-10-07,0.00116
2017-10-08,-0.00197
2017-10-09,-0.00165
2017-10-10,0.000536
2017-10-11,0.000987
2017-10-12,-0.00059
2017-10-13,0.0012
2017-10-14,-0.00119
2017-10-15,0.0023
2017-10-16,-0.000371
2017-10-17,-0.00117
2017-10-18,-0.000311
2017-10-19,-4.58E-06
2017-10-20,-0.000553
2017-10-21,-0.00158
2017-10-22,5.15E-05
2017-10-23,-0.00111
2017-10-24,0.000255
2017-10-25,0.0013
2017-10-26,0.000492
2017-10-27,0.000159
2017-10-28,-0.00243
2017-10-29,0.000333
2017-10-30,0.000602
2017-10-31,0.000149
2017-11-01,-0.000642
2017-11-02,-0.00118
2017-11-03,0.00147
2017-11-04,0.000176
2017-11-05,0.00133
2017-11-06,0.00496
2017-11-07,0.00117
2017-11-08,0.000679
2017-11-09,0.00545
2017-11-10,0.000914
2017-11-11,0.000735
2017-11-12,0.000662
2017-11-13,0.00814
2017-11-14,-0.000451
2017-11-15,0.00135
2017-11-16,0.00624
2017-11-17,-0.00615
2017-11-18,0.00347
2017-11-19,0.000958
2017-11-20,0.0039
2017-11-23,0.0179
2017-11-24,-0.00577
2017-11-25,0.00124
2017-11-26,-0.00125
2017-11-27,0.00153
2017-11-28,-0.00546
2017-11-29,0.00399
2017-11-30,-0.00517
2017-12-01,-0.00218
2017-12-02,-0.00194
2017-12-04,-0.0252
2017-12-06,-0.0149
2017-12-08,-0.00144
2017-12-09,-0.00554
2017-12-25,0.00275
2018-01-02,-0.00731
2018-01-03,-0.00642
2018-01-04,0.00142
2018-01-05,-0.00505
2018-01-06,-0.00866
2018-01-07,-0.00448
2018-01-08,-0.00159
2018-01-10,0.00176
2018-01-11,0.0086
2018-01-12,0.000372
2018-01-13,-0.000651
2018-01-14,0.0018
2018-01-15,0.0014
2018-01-16,-0.00131
2018-01-17,-0.00262
2018-01-18,0.00172
2018-01-19,-0.000583
2018-01-20,3.36E-05
2018-01-21,-0.00151
2018-01-22,0.00116
2018-01-23,0.00251
2018-01-24,1.88E-05
2018-01-25,7.28E-05
2018-01-26,-0.000277
2018-01-27,-0.00109
2018-01-28,0.00107
2018-01-29,-0.000704
2018-01-30,-0.00082
2018-01-31,0.00267
2018-02-01,-0.00137
2018-02-02,0.00273
2018-02-03,0.00056
2018-02-04,0.00111
2018-02-05,0.000797
2018-02-06,0.000972
2018-02-07,0.00109
2018-02-08,-6.82E-06
2018-02-09,-0.00626
2018-02-10,0.00115
2018-02-11,-0.00207
2018-02-12,-0.000991
2018-02-13,-0.000416
2018-02-14,0.00055
2018-02-15,-0.000322
2018-02-16,0.000298
2018-02-17,0.00121
2018-02-18,-0.000258
2018-02-19,-0.000766
2018-02-20,-0.000637
2018-02-21,-0.00069
2018-02-22,0.000462
2018-02-23,0.000662
2018-02-24,-0.000257
2018-02-25,0.00682
2018-02-26,0.00606
2018-02-27,0.00584
2018-02-28,0.00881
2018-03-01,0.00646
2018-03-02,0.00629
2018-03-03,0.00563
2018-03-04,0.0049
2018-03-05,0.00574
2018-03-06,0.00605
2018-03-07,0.00557
2018-03-08,0.000502
2018-03-09,0.00521
2018-03-10,0.0034
2018-03-11,0.00206
2018-03-12,0.0015
2018-03-13,-0.000581
2018-03-14,0.0026
2018-03-15,-0.000199
2018-03-16,0.00093
2018-03-17,0.00334
2018-03-18,5.94E-05
2018-03-19,0.000508
2018-03-20,0.000291
2018-03-21,0.00366
2018-03-22,-0.00223
2018-03-23,0.000805
2018-03-24,0.0022
2018-03-25,-0.00104
2018-03-26,0.000411
2018-03-27,-0.00102
2018-03-28,-0.00293
2018-03-29,0.00175
2018-03-30,0.000511
2018-03-31,-0.00447
2018-04-01,0.00255
2018-04-02,0.00437
2018-04-03,-0.00237
2018-04-04,0.00349
2018-04-05,0.0076
2018-04-06,0.00143
2018-04-07,-0.00125
2018-04-08,0.00119
2018-04-09,0.00202
2018-04-10,0.00153
2018-04-11,0.00155
2018-04-12,-0.00107
2018-04-13,-0.000721
2018-04-14,0.000225
2018-04-15,-0.00366
2018-04-16,0.00625
2018-04-17,0.0049
2018-04-18,-0.000645
2018-04-19,-0.00124
2018-04-20,-0.00586
2018-04-21,-0.00138
2018-04-22,-0.00126
2018-04-23,-0.000829
2018-04-24,-0.00082
2018-04-25,0.000744
2018-04-26,-0.003
2018-04-27,-0.0035
2018-04-28,-0.000268
2018-04-29,0.0015
2018-04-30,-0.000633
2018-05-01,0.00214
2018-05-02,0.000412
2018-05-03,0.00306
2018-05-04,0.00331
2018-05-05,-0.00167
2018-05-06,-0.000337
2018-05-07,-0.000926
2018-05-08,0.00297
2018-05-09,-0.000117
2018-05-10,-0.000442
2018-05-11,0.00249
2018-05-12,0.000214
2018-05-13,0.00228
2018-05-14,0.000842
2018-05-15,0.000823
2018-05-16,0.00166
2018-05-17,-0.000737
2018-05-18,-9.38E-05
2018-05-19,0.000257
2018-05-20,-0.00015
2018-05-21,0.000397
2018-05-22,-0.0014
2018-05-23,-0.000275
2018-05-24,-0.0029
2018-05-25,0.00177
2018-05-26,-0.00186
2018-05-27,0.00135
2018-05-28,0.00204
2018-05-29,-8.15E-05
2018-05-30,0.000418
2018-05-31,0.00195
2018-06-01,0.00128
2018-06-02,6.38E-05
2018-06-03,-0.000879
2018-06-11,0.00598
2018-06-12,0.00117
2018-06-13,-0.00123
2018-06-14,-0.00264
2018-06-15,-0.00144
2018-06-16,0.000238
2018-06-17,-0.00114
2018-06-18,0.00495
2018-06-19,0.00198
2018-06-20,-0.00924
2018-06-21,0.00715
2018-06-22,0.00623
2018-06-23,0.00179
2018-06-24,0.00544
2018-06-25,0.000285
2018-06-26,0.0111
2018-06-27,0.00389
2018-06-28,0.0018
2018-06-29,0.00613
2018-06-30,0.00495
2018-07-01,0.000955
2018-07-02,0.00594
2018-07-03,-0.000129
2018-07-04,0.00285
2018-07-05,6.91E-05
2018-07-06,0.00189
2018-07-07,0.000156
2018-07-08,0.00524
2018-07-09,-0.00278
2018-07-10,0.000697
2018-07-11,-0.000511
2018-07-12,-0.00685
2018-07-13,-0.00114
2018-07-14,0.000973
2018-07-15,0.000426
2018-07-16,0.00148
2018-07-17,0.000224
2018-07-18,0.000521
2018-07-19,0.000149
2018-07-20,0.00107
2018-07-21,9E-05
2018-07-22,0.000911
2018-07-23,-0.00583
2018-07-24,0.00092
2018-07-25,0.00142
2018-07-26,0.000887
2018-07-27,0.00201
2018-07-28,-0.00155
2018-07-29,-0.00117
2018-07-30,-0.00133
2018-07-31,0.00146
2018-08-01,0.000335
2018-08-02,0.000676
2018-08-03,0.00227
2018-08-04,-0.000391
2018-08-05,0.00197
2018-08-06,0.000997
2018-08-07,0.00191
2018-08-08,-2.05E-05
2018-08-09,-0.000944
2018-08-10,0.000416
2018-08-11,0.000576
2018-08-12,-0.000817
2018-08-13,-0.000457
2018-08-14,-0.00113
2018-08-15,0.000509
2018-08-16,0.000116
2018-08-17,0.000298
2018-08-18,0.000981
2018-08-19,0.00153
2018-08-20,-0.00217
2018-08-21,0.000461
2018-08-22,-0.000539
2018-08-23,0.00127
2018-08-24,-0.000756
2018-08-25,-1.15E-05
2018-08-26,0.00166
2018-08-27,7.81E-05
2018-08-28,0.000585
2018-08-29,-0.000311
2018-08-30,0.000788
2018-08-31,-0.000786
2018-09-01,0.00183
2018-09-02,0.0019
2018-09-03,-0.000262
2018-09-04,-0.000609
2018-09-05,-0.000708
2018-09-06,-0.000468
2018-09-07,0.00198
2018-09-08,-0.00154
2018-09-09,0.000953
2018-09-20,0.000456
2018-09-21,0.000348
2018-09-22,0.00065
2018-09-23,-0.000153
2018-09-24,0.0054
2018-09-25,0.00771
2018-09-26,0.00894
2018-09-27,0.00314
2018-09-28,0.00543
2018-09-29,0.00311
2018-09-30,0.00833
2018-10-01,-0.000351
2018-10-02,0.00555
2018-10-03,0.0101
2018-10-04,0.00772
2018-10-05,0.00745
2018-10-06,0.00483
2018-10-07,0.00544
2018-10-08,0.00664
2018-10-09,0.00517
2018-10-10,0.00161
2018-10-11,0.00321
2018-10-12,0.00513
2018-10-13,-0.00092
2018-10-14,0.00562
2018-10-15,0.00337
2018-10-16,-0.000528
2018-10-17,0.00289
2018-10-18,-8.06E-05
2018-10-19,0.000783
2018-10-20,-0.000623
2018-10-21,-0.000983
2018-10-22,-0.00106
2018-10-23,0.00294
2018-10-24,8.11E-05
2018-10-25,0.00209
2018-10-26,-0.000619
2018-10-27,0.00115
2018-10-28,-0.00153
2018-10-29,0.000667
2018-10-30,-0.000806
